reviewId,userName,userImage,content,score,thumbsUpCount,reviewCreatedVersion,at,replyContent,repliedAt,appVersion
cebb64c8-9e5e-48cf-b491-848ab8cebf9b,Fajar Agus Maulana,https://play-lh.googleusercontent.com/a-/ALV-UjWchaLUBdhtpaGhxV-deJQ6wAEzhZKnjt30NYwszq2JmLPRyJ0_,"APLIKASI GAGAL. Banyak bug, over akses jadi Lemot, kamera tidak bisa di fokuskan dan kualitas gambar tulisan jadi blur kenapa gapake kamera bawaan HP kaya daftar hadir. Unggah gambar tulisan ""tunggu sesaat"" TAPI 3 hari blum selesai proses pengunggahannya. Cara pengaplikasianya cukup mudah. Tapi ya seperti tadi contohnya aplikasi gabagus buat pemilihan yg minta cepat tapi aplikasi banyak masalah.",1,66,2.48,2024-02-21 09:10:37,,,2.48
d3ea0b9c-3d6d-4cb6-a45e-5d179b48dbc8,Buter Grafika 23,https://play-lh.googleusercontent.com/a-/ALV-UjXtey1VJdEWQlmJ6UCIARN4KAS83ljvP1Ex6HB7rQ-7C0RKA_I,"fitur dari sirekap belum sepenuhnya mutakhir perlu ditingkatkan kembali, jangan sampai gara-gara apk ini petugas kpps yang disalahkan. perlu peningkatan : hasil scan tidak bisa di edit 2x al hasil ketika ada revisi tidk bisa diubah, daftar hadir tidak ada opsi DPT, DPK dan DPTB, proses upload relatif lama seperti server belum siap menampung. mode offline banyak yang blank tidak terbaca di server padahal di aplikasi sudah sukses terkirim. Mohon di perhatikan untuk kedepan",1,229,2.48,2024-02-20 10:42:18,,,2.48
a3b99072-1e95-458c-9814-8fca7e28e35d,Starlex_104 channel,https://play-lh.googleusercontent.com/a-/ALV-UjWVh5jY-_mdIzXLU6-pH6BkVi3Ax5UslwF0R2dpFOtsaJEc_DKP,"Saran dari saya, ai input yang bisa di edit. Tambahkan coding (bila online, tetap dapat diedit kalau memang mau dikoreksi. Jika offline, nanti setelah lengkap baru upload). Tidak harus metode offline dengan online. Agar tidak kejadian seperti ini (banyak KPPS yang tidak upload) gara"" verifikasi saat online (lupa mengaktifkan mode pesawat). Untuk total suara sebaiknya dikunci, dan menghitung otomatis dari data yang telah diinput. Aplikasi dibuat untuk mempermudah, bukan mempersulit.",1,19,2.48,2024-02-15 15:31:37,,,2.48
be379d36-4efc-45cf-9904-df57f6aed9ff,Arsyi J,https://play-lh.googleusercontent.com/a-/ALV-UjXNLgoeWZ_SIJn1aoJAuigLlaD_KuuckFNai080MxcJVFyIhjuq,"Aplikasi yang menyusahkan dalam perhitungan kpps 1. foto kertas selalu tidak akurat 2. Server sangat lemah (mungkin kurang anggarannya, butuh dana lebih Rp.100m) 3. Aplikasi tergolong gampang di jebol karena tidak server sided 4. Sangat menyusahkan pengguna karena tidak bisa ambil foto dari storage hp 5.aplikasi tergolong lemot masih banyak bug dan pengembangan yang lambat dan asal asalan (Saya menggunakan sdm 7+ gen 2 tetapi aplikasi masih sangat lambat) 6. Masih banyak sampai no 13 dsb",1,494,2.48,2024-02-15 04:17:32,,,2.48
cc558764-a675-4508-94b6-e96ca948c271,Irma Yanti,https://play-lh.googleusercontent.com/a/ACg8ocJINGYlzA0KeR3jL6TWNDm2qw74pWyC7-r5ee27GeGitMsPVw=mo,"Benar¬≤ buruk, aplikasi dipake se Indonesia, seharusnya kalo memang masih eror seperti ini terus,mending tidak usah bikin aplikasi sirekap,katanya buat mempermudah, tapi hasilnya mempersulit. Aplikasi hampir setiap Minggu ganti versi.",1,22,2.48,2024-02-15 16:20:03,,,2.48
60b88f78-7002-4fbd-ab59-2b5512d56f01,Siti Fadilah,https://play-lh.googleusercontent.com/a-/ALV-UjVkQCvazzd644xhLqBn5mK4Z_KzfQvDLmrwV3cNuJ88D9uIJnxX,"Aplikasinya belum siap buat publish, masih banyak yg harus diperbaiki 1. Ada 2 anggota sirekap di 1 TPS, data yg sudah di upload disirekap 1 tidak muncul di sirekap 2. (Fixing) 2. Seharusnya ada akses untuk edit data / pemberitahuan jika C Salin tidak sama dengan data yg sudah diupload. 3. Scan yg tidak sesuai Auto Clear di tiap inputan. 4. Upload kehadiran DPT untuk menambahkan halamn tidak terlihat (terlalu bawah) 5. Upload Data saksi seharusnya hanya ada ditiap jenis suara (agar tidak dobel)",3,40,2.48,2024-02-19 00:35:40,,,2.48
6d557be0-a214-46d4-9e2d-78bf777a0721,didin,https://play-lh.googleusercontent.com/a-/ALV-UjU6hklEbii0BEmq4gd2xMDEJ9oXbaPnvfQENBTsFXTFdt1rnkw,"Aplikasi pemerintah tp sangat buruk kwalitasnya , susah log in ,sering mental kluar jika input data , trus pembacaan Kamera tidak sesuei real nya . Udah gitu yg ppwp tidak bisa di edit jika sistem gk bisa baca , pokoknya buruk sekali",1,10,2.48,2024-02-18 22:55:11,,,2.48
1ffad6f5-7bf1-4ae9-9127-50e46f8b64bd,Jaja Jamaluddin,https://play-lh.googleusercontent.com/a-/ALV-UjVSec8Lg6_XNqIslHdDta3ySQSyRVU4QShwo1DhMrcbYOJG8Ll53g,"Aplikasi menyusahkan, bukan mempermudah pekerjaan. Harusnya untuk foto bisa bentuk foto apa saja yang penting jelas terbaca dan betul hasil plano dibawahnya inputan manual hasil biar mempermudah. Bukan harus ini itu foto hasilnya.",1,12,2.48,2024-02-19 18:46:12,,,2.48
2f09542b-0e95-484e-9a74-152041ee3bbd,Pitri Yani,https://play-lh.googleusercontent.com/a-/ALV-UjUroC3DsCXM6hXg1BfIiqzk41gTpmIuBlCuiu_D1vFFTPWEd4iu,"Sangat mengecewakan tidak bisa di login disemua tipe hp. Seharusnya lebih di tingkatkan lagi aplikasi supaya bisa di akses ke semua tipe hp. Lebih ditingkatkan lagi supaya bisa terbaca angkanya angka digital maupun angka biasa. Pokoknya tingkatkan lagi. Jangan sampe banyak yang akses jadi loading, macet, kirim Poto nunggu nya sampai sampe selesai di kirim. Jangan nyalahin anggota kpps yang udah bener tulisnya. Tolong perbaiki aplikasinya jangan sampai saling menyalahkan",1,3,2.48,2024-02-21 00:44:31,,,2.48
340f357e-24b7-4ee7-8dd2-1666eb2547dd,enesis jember,https://play-lh.googleusercontent.com/a-/ALV-UjVU2UXYJ-6wC6aA4lOw16sOE-cnP2opvI9-i6QNVdaT4wzY4H3b,"Kamera jelek tidak bisa HD kayak kamera jadul, tidak bisa mendeteksi angka, aplikasi nya susah di pakai lemot tingkat dewa. Intinya kameranya tidak patut digunakan. Mungkin bisa di revisi untuk pemilu-pemilu selanjutnya. Pencahayaan harus pakai sokle kah baru bisa terbaca, Aplikasi nya tolol",1,23,2.48,2024-02-17 14:53:11,,,2.48
9c5a2143-5baf-409a-8456-e3d09260a31b,Muchamad Anwar,https://play-lh.googleusercontent.com/a/ACg8ocJWvF7BxKA-UBbVTKsJx991On5xFPU78qst3Yu6FVaNtMvSLg=mo,"Dengan adanya sirekap, ekspetasi penghitungan suara akan lebih cepat dan mudah Tapi realitanya tidak sesuai ekspetasi, malah mempersulit dan memperlambat. Semoga bisa diperbaiki agar 5taun kedepan bisa digunakan dengan optimal",2,19,2.48,2024-02-17 11:47:45,,,2.48
5ef74b99-fc76-4707-8e0b-7a891a042b59,Anexs Prasetyo,https://play-lh.googleusercontent.com/a/ACg8ocKbOeJSkfy9P3GDAugAkCs-EBJ62IFT5ZLvL4DwP_EzQZgsog=mo,"Tolong dong aplikasinya di perbaiki, minimal kalau tidak bisa membaca angka dengan benar bisa di tulis manual Ini sudah di isi manual tetap saja tidak bisa dengan keluhan tidak sesuai, padahal angka sudah terbaca dengan jelas Dan tolong tambahkan untuk menu import foto dari galeri saja agar tidak menyusahkan",1,10,2.48,2024-02-18 17:19:36,,,2.48
ef48b96b-dd28-40c5-ba09-81b2d0a27147,Tri Suyarno,https://play-lh.googleusercontent.com/a-/ALV-UjXjg0LutwKGZIYdv85WdYIqN2Ju_KP9I9andwJCbUdHTADMQnu2,"Selama 4 tahun ini developer sirekap ngapain? server ga ada perbaikan, dan dari dulu aplikasi ga ada perkembangan apa2, paling gak saat pengambilan gambar tambahin fiture flash atau paling ga resolusi pengambilan foto di naikkan, kasian buat operator sirekap yg sensor kameranya ga bagus, hasil foto jadi kayak VGA, noise dimana2.",1,364,2.48,2024-02-20 13:48:04,,,2.48
eb958095-d4dc-4609-b655-e785fc76eec7,Soyou Sistar,https://play-lh.googleusercontent.com/a-/ALV-UjWKBa9uaq115cVtPO4wuppLKNro3U7hcXN2y51dMucDP-qXrLI,"Untuk sekelas pemilu yang menentukan pemimpin Indonesia, aplikasi ini benar2 sangat tidak layak karena segala fitur yg ada tidak memumpuni dari server yang sering down, upload foto yg sering keliru di bagian pemotongan, deteksi angka yang tidak otomatis, tidak ada nya fitur edit untuk data panwas, saksi dan PPS, dsb semoga di pemilu berikutnya aplikasi ini bisa di perbaiki lagi ya dan di buat lebih user friendly agar mudah di pahami sama pengguna yg masih newbie",1,26,2.48,2024-02-17 06:03:10,,,2.48
182879fa-65cb-4ed2-aa11-da67e6e4af7c,Just Putra,https://play-lh.googleusercontent.com/a-/ALV-UjX6Ds_SgGgBLb0qmNzw6OyiQwOTlSCeMtnOIyWBto0bnrCFCTk,"Niatnya sudah bagus cuma kurang memanfaatkan waktu untuk mempersiapkan aplikasinya saja. Verifikasi dokumen terlampau lama keburu form c hasil dikembalikan ke PPS, sebelum di update sebenernya sudah bagus bisa tulis hasil secara manual jadi bisa double checking. Kualitas kamera dari aplikasi juga terlampau buruk dan tidak ada fitur flash nya.",2,1,2.48,2024-02-21 10:06:29,,,2.48
3871f43f-45f9-4e69-a8f4-ab586447e3c4,endraj santosa,https://play-lh.googleusercontent.com/a-/ALV-UjWBLqlB7gkNFxzHDSBtscfCAB0-6It0aVoygGv3KEX3sbjfHKI,"Upload foto lama, AI -nya banyak ngaconya.. Sudah selesai pengisian foto,data dan verifikasi, diklik kunci dan buat dokumen sampai 36 jam lebih ( sampai sekarang ) masih muter2 loading nya.. Sudah hubungi developer apk nya sampai sekarang nggak ada tanggapan... Ditambah aplikasinya makan memori HP sampai 1 GB lebih...",2,0,2.48,2024-02-20 03:43:41,,,2.48
9d6a77c1-3bf8-4080-9ce6-251a025a5aac,Kholikul Bari,https://play-lh.googleusercontent.com/a-/ALV-UjVxqgLLL08Fwr847J_ePeHI8m74dCAXFo3zwMjXnSKEdL08LNfI,"Gimanan ini foto si rekap tidak bisa jernih tidak bisa seperti bawaan hp yang bisa di atur, hasil gambar kadang tidak akurat harus edit sendiri, untuk server di akses banyak orang eror, data yang sudah di submit tidak bisa di ubah, tampilan sederhana tidak menarik, saran untuk kedepannya mending di uplod saja scan melalui camscaner biar jenih tidak buram hasilnya pun lebih maksimal tidak merepotkan si admin rekap tps ada tugas lain dan tingkatkan lagi servernya biar tidak eror",1,16,2.48,2024-02-17 02:14:08,,,2.48
a1024bfe-e002-49c1-870e-ea8d5976de33,the wolf,https://play-lh.googleusercontent.com/a-/ALV-UjWmZ7UmstKoiC_u1zeTlMG9g9Rb6YvS78JS8WLtunYwSP0odtBu,"please benerin post processing untuk foto c hasil nya, saya temui di beberapa hp hasil foto jadi burik (pixleated) padahal reso sama 1000x1700 an.. tapi kok di saya hasil nya jadi kaya burik bgt yah.. terus bug nya di beberapa hp .. circle bar nya muter terus saat kunci dokumen.. hadeh.. saran jg nih.. crud nya tolong di terapin.. gaada edit ama hapus loh di opsi tambahkan saksi, pps dan panwas.. ini gimana sih wkwk.. tambah lah.. kita semua manusia kadang juga bisa salah input dan perlu edit",1,1,2.48,2024-02-19 15:03:00,,,2.48
ff52fc4a-ab60-4339-b6b5-2985eb3bb253,Wika prawita sari,https://play-lh.googleusercontent.com/a-/ALV-UjU4SaH531eXLG5JeF8BPj28_6XUKWP1tL6SlTQzcmPG_g3-Tfm1,"saat menggunakan aplikasi sirekap tidak bisa mengunci dan membuat dokumen, tp setelah uninstall dan di instal ulang baru bisa bekerja, tp tidak untuk semua diulangi cara yg sama, malah katanya akun di nonaktifkan. ini cara ngatasinya gimana ya? kalau seperti ini kerjaan tidak akan pernah selesai",1,2,2.48,2024-02-21 00:51:11,,,2.48
4236347d-0a3d-4817-8164-474d991412bc,Muslimin,https://play-lh.googleusercontent.com/a-/ALV-UjXLff1asKRjUjNvqzMJw1rLvFkdK58PqFlVE1ZQjRcvj_jFJOI,"Saya kasih tau waktu di lapangan yah min. 1. app kurang membaca 100% , x terbaca 1 2. tombol online dan offline tersebut cuma pop up jadi agak sedikit merepotkan 3. Sesi yang terlalu pendek dan ketika sudah mode offline lalu kembali ke app harus online dulu 4. Terkadang di tabel edit ada yang bisa di edit dan ada yang tida 5. Ini yang paling nyebelin , kelebihan muatan sehingga keluar kode 504 sampe ahir pemilu rampung tolong lah min perbaiki dan servernya yang 2jt pengguna bisa nampung.",1,8,2.48,2024-02-18 13:14:33,,,2.48
fe11668c-8837-4b3f-97b4-6bb2ba66b677,Bang Maul,https://play-lh.googleusercontent.com/a-/ALV-UjVzpj9jCmFHe2AB4s-Ewm5vO1RePPqMP_0yJF3w3gP-kAeg8m4,"Bukan mempermudah malah mempersulit,mulai dari sinyal padahal pake aplikasi lain lancar lancar aja,kualitas fotonya jelek percuma penerangan bagus tulisan bagus kalau fotonya burem mah,terus pendeteksi angka nya juga parah masa angka 1 terbaca angka 7 lah 6 lah 4 lah padahal udah di tarik lurus gak pake topi angka lain nya juga sama,,, Kalau niat mau pake aplikasi coba buat dari lama, ini mah satu bulan mau di pake baru bikin haduuuh parah,jadi kpps sekarang cuma buat uji coba parah parah",1,12,2.48,2024-02-16 10:25:14,,,2.48
9fd254d8-6816-4038-8615-22bc1c3c2bf3,Daniel Nugroho Wicaksono,https://play-lh.googleusercontent.com/a-/ALV-UjUDhhVyf91yYb5Gs17iQMado9tLWtqrqasKRmb5cXbRkmZgNKjI,"Masih banyak kekurangan. Salah satunya tidak bisa mengaktifkan lampu flash saat mau foto. Coba ditambahkan fitur menyalakan flash, untuk membantu saat foto. Mungkin kedepan bisa dipikiran yang discan adalah C-salinan yang berukuran A4, dimana sekarang hampir tiap TPS dilengkapi dengan printer yang bisa scan dan copy.",3,4,2.48,2024-02-18 08:26:09,,,2.48
0e5dd82b-cfbc-42a6-a96e-ea63cb87bfc0,Hadi pramana,https://play-lh.googleusercontent.com/a-/ALV-UjU_IsDEyaizVe5h5hUmYZYPY-dEwXRvC4QTIZ5589hzjg8e66ED,"Sy beri rating 4 bintang sbg bentuk apresiasi. Aplikasi ini blm bisa bekerja maksimal terutama ketika proses membaca / menganalisis foto form c hasil plano yg kita upload sangat2 lama sekali, Sampai 5 hr setelah tgl pemilu masih blm selesai proses. Sehingga kita tdk bisa mengunci dan membuat dokumen c hasil. Sy berharap kedepannya bisa lebih baik terutama dlm daya dan kapasitas servernya.",4,89,2.48,2024-02-17 12:02:30,,,2.48
dd5cafeb-9640-4b1e-9795-be5676dd76b5,Kristiani,https://play-lh.googleusercontent.com/a-/ALV-UjVX53Ks_nMmtoIUhaxkcJ9mAA0h-Y3QpemHimb7vb_L7XDmYP-X,"Aplikasi Paling jelek diantara aplikasi-aplikasi yg ada di play astor, aplikasi yg selalu minta update, pas dihari ingin di gunakan banyak kendalanya, bikin Nambah pusing Untuk kerja, Tolonglah kalau aplikasinya masih di kategorikan abal-abal ni, di perbaiki lagi biar bisa lebih baik kedepannya gak ada kendala dll.",1,0,2.48,2024-02-15 13:18:07,,,2.48
5e0ceee0-e64e-4732-8e9f-32f314a0b6a1,All Hudha,https://play-lh.googleusercontent.com/a-/ALV-UjVnXG68OGV6gxTMUMISrXfDoRbbP0BPWqC3AXHoYYZgoxDgSdI,"aplikasi yang gagal udah foto beberapa kali tapi masih belum di kenali, bukannya membantu jalannya pemilu malah mengganggu. tolong sebelum di realis aplikasinya harus sesuai dengan kebutuhan dan fasilutasnya sudah memadai jangan masih dalam perbaikan tapi sudah di gunakan.",1,0,2.48,2024-02-20 02:13:32,,,2.48
472601a3-0663-4753-afb1-23ac679687dd,Moh Ikhsan Purnomo Al-Bairuny,https://play-lh.googleusercontent.com/a-/ALV-UjWyjet7KG0WdiwZy23DWCRJynWyj82PcvS2aEV6HAYJx6wqSzxJfw,"Dimohon dengan hormat untuk instansi terkait, klo semisal sudah terbaca oleh aplikasi dimohon perbaiki lagi servernya. Padahal jaringan yg sya pakai sangat stabil dan perangkat yg digunakan pun memadai sesuai arahan yg sudah diumumkan jauh-jauh hari menjelang pemungutan suara.",1,0,2.48,2024-02-17 02:54:16,,,2.48
db1cb1ba-d978-475f-af89-7f964aed8d76,I Putu Subawa,https://play-lh.googleusercontent.com/a-/ALV-UjVKSj5LSgX8N5m56ERwmjBOWIJ6Z57osa8Y5P-Qv9MgperLb7A,"Kalau belum sempurna tidak usah di pakai dulu, Petugas kpps sudah pusing, di tambah aplikasi yang bobrok. Laporan C hasil tidak bisa di edit. Login lama. Upload data lama, dan sering log out Sendiri. Intinya sempurnakan dulu, Baru Di Pakai.",2,0,2.48,2024-02-19 23:41:03,,,2.48
01b422ac-5abc-4e92-bb04-2f8a8fc99371,Maha Lina,https://play-lh.googleusercontent.com/a-/ALV-UjVbQotokJM4Ru8jkT4noMDcguYcIIPpQXfz1PcOHUmSNNqNxAQd,"Aplikasi ini suka berubah yang difoto apa yang keluar apa, hasil bisa diedit kesannya hasil pemilu bisa diotak-atik kurang bagus ini aplikasi, banyak lelet loading lama.",1,7,2.48,2024-02-16 10:50:39,,,2.48
c427de67-567e-42c1-991f-fc9073b65eb2,Muhammad Farkhan,https://play-lh.googleusercontent.com/a/ACg8ocLiHqi4Vfm8M2EDFN5f3m5hcS10n9V-6W5wCmjgIyr9yQp7=mo,"Hmmm ocr nya menggelitik, datanya gak pas, di edit manual (khusus presiden kagak bisa) udah di upload salah data ga bisa di cancel, mana data salah juga invalid ga bisa upload, jadi stuck aja di cancel ga bisa di terusin juga ga bisa. Review jujur, untuk sekelas aplikasi formal agak mengecewakan, niat hati mau mempermudahkan malah mempersyulit",2,0,2.52,2024-05-02 00:27:07,,,2.52
3cda785d-474b-4d49-8cbb-ce9d07f641d5,Momogi,https://play-lh.googleusercontent.com/a-/ALV-UjUOj0bXaFCtQBXuo-qJhkh4p1sRfFXHxVtZoJL4fExJ5149bYnk,"Aplikasi Tidak layak pakai, Tulisan Jelas namun tidak terbaca, Slide 2 Ketika edit tidak muncul Keyboard, banyak tanda X terbaca 8, Lambat dalam memproses Gambar dan Data.",1,2,2.48,2024-02-20 18:09:42,,,2.48
0c1d42dd-0e92-44be-add0-257dbac8545f,Jacky Duke Cervantes,https://play-lh.googleusercontent.com/a/ACg8ocJjzC68o-sorzpZTsH5z-Pxm7MIeekYVJQLyg9gqxFvVL7Jj3Td=mo,"Gak bisa sign-in. Ini aplikasi curang oleh pengembangnya karena jumlah suara di TPS-TPS yang dimasukkan kedalam aplikasi ini bisa berubah jumlahnya secara otomatis seolah-olah ada yang mengubahnya. Contoh : jumlah suara paslon 02 di tps hanya 70 suara, tapi yang keluar di aplikasi jadi 870 suara. Pasti kpu disuruh dan dibayar oleh paslon 02 prabowo-gibran nih.... üòè laporin aja ke playstore spy aplikasi ini dikeluarin dari playstore.",1,0,2.48,2024-02-15 11:28:24,,,2.48
97af58ca-2086-4b18-b2e7-978c924e7db5,Faiz Elnino,https://play-lh.googleusercontent.com/a-/ALV-UjU6C3imR5bz7VgKvXY3eXGwfd160Nsr0II05mPc8pb9gRaGCL9w,"Bugnya parah. Di TPS rata2 DPT 300, tapi kok bisa input total 180*** suara. Logicnya tidak masuk, seharusnya kalo salah input tidak bisa diupload. Minimal dikasih warning/alert biar petugas data entry-nya bisa koreksi.",1,0,2.48,2024-02-17 14:52:20,,,2.48
722dea88-7686-4ff0-b809-3692d3ebdec5,Husni Luthfi,https://play-lh.googleusercontent.com/a-/ALV-UjUw84yOOv3w_uSc7gMy8K70HUu7wrk268Kk96_0PNUZ45jLDPpi,"jangankan sampai ke tahapan mempermudah ini malah mempersulit, apload sulit, UI dan UX terkesan asal jadi bikin ribet. Entah vendor atau internal tim kpu yang buat, kalian gk pake QA kah sebelum deploy aplikasi? Kalau aplikasi kayak gini sampe tanggal 15 subuh belum bisa upload gk ada exit plannya?. Tujuan aplikasi ini kan untuk memecahkan masalah soal input hasil tps agar mudah, tapi malah Input hasil tps tetep susah, ditambah aplikasi yang susah jadi malah ada 2 masalah sekarang.",1,1,2.48,2024-02-14 22:18:41,,,2.48
575a1fbd-d91e-43e9-a24f-49e8f3f8ee1d,news Canel,https://play-lh.googleusercontent.com/a-/ALV-UjWd__LjQeyHV8jtgZm9mSjNS31mnElRCmx11FJk0iGvbZ4kzdA,"Aplikasi bodong, angka hasil tidak sesuai yang difoto, offline bisa mendetek angka tapi tidak sesuai aslinya sehingga angka berkurang, anehnya tidak bisa diedit, ada unsur yang tidak beres dengan data",1,1,2.48,2024-02-15 08:54:31,,,2.48
68c3c047-2920-48da-844a-9b8d1ea43be9,backup hp,https://play-lh.googleusercontent.com/a/ACg8ocJSVo6iDvMV7WTsrJkiGYQq4mbpg4B_Y3Fk91kvUbkdq_mjmg=mo,"Parah banget aplikasi ini algoritmanya seolah olah seperti sudah diatur sesuai pesanan, diperbaiki yg satu yg lain malah berubah, server lemot parah, pemindaian angka tidak akurat banyak kesalahan, heran aplikasi buatan pemerintah tapi interface sekelas aplikasi warnet... Anggaran triliunan bikin 1 aplikasi ajah kaga pernah bener?",1,0,2.48,2024-02-17 20:26:03,,,2.48
af3c156e-779e-4128-9988-11bbfefcc797,Fadhil Muhammad,https://play-lh.googleusercontent.com/a/ACg8ocJhR-J8069jkhHidkhE7MQLtmeXytuRQnttOQVzNr8rnA03LQ=mo,"Sangat amat buruk, foto yang di ambil dari aplikasi sirekap tidak jelas. Kalau belum sanggup buat aplikasi sendiri kenapa tidak bekerja sama dengan developer dari scanner lainnya seperti camscanner. Sehingga akan menghasilkan kualitas yang bagus.",1,0,2.48,2024-02-17 04:06:03,,,2.48
bc37c2af-4079-44f8-8469-dc873d0b3921,Daa Ciel,https://play-lh.googleusercontent.com/a-/ALV-UjUV6F4kpxHYta5jwwUluofy_cBoQSMS0FsssyvCXNoHI4eEO9WE,"Tolonglah untuk KPU/developer aplikasi ini, kalau aplikasinya belum siap dan masih banyak kendala, lebih baik jangan digunakan. Di ujicoba jangan menjelang mau ada acara pemilu, ini kan jangkanya panjang, 5 tahun sekali utk pilpres, bisalah dperbaiki sedikit2 apa yg masih terkendala, jangan baru di ujicoba n perbaiki beberapa bulan sebelum acaranya.",1,39,2.48,2024-02-15 06:21:46,,,2.48
f656be6e-ed29-4305-ba2b-983389ee6fbf,Nick Names,https://play-lh.googleusercontent.com/a-/ALV-UjX-2491ArAL7GXUYz_XzdBkdWQ9AruMX5w-RUDU0gKRyw3FXcGc,"Made in pemerintah dari dulu gini mulu ya. Minusnya ga bisa auto focus (fitur utama sebuah aplikasi yang menggunakan kamera), ga bisa menyalakan flash (fitur tambahan untuk memperjelas objek foto), ga bisa pake foto di galeri (fitur tambahan jika minta foto ulang). Dan server kurang kuat",1,8,2.52,2024-03-01 08:18:29,,,2.52
23c55c83-8a7e-4c86-abd5-96d508689a5d,Air Hujan,https://play-lh.googleusercontent.com/a/ACg8ocIPJN2Mnt91O_DGkTCf8rLTpA_yTnA9-WzASwXFlm7q9vvJuent=mo,"Memang butuh banyak penyempurnaan, Verifikasi terlalu lama, kalau harus ambil foto ulang diaplikasi sedangkan Plano aslinya sudah didalam kotak yg disegel dan sudah dikirim kekecamatan (untuk membuka kembali kotak suaranya prosesurnya ga mudah)",3,0,2.48,2024-02-15 14:09:15,,,2.48
f7c743cc-744d-49f4-974d-a1adcaefd134,Husna Khairani is,https://play-lh.googleusercontent.com/a-/ALV-UjXcH4hHIHb-SNQ22BAtRKeFgoLfj4TnxgTL9SVjtOiDB-Kjyrg,"Saya sudah selesai mengerjakan data di aplikasi sirekap , dan sudah saya kunci . Alhasil setelah saya buka kemabali untuk mebgecek , data¬≤ nya kosong , kembali seperti awal. Aku ngerjaiiinnn nya begadang wooiii .. tolong lah",1,0,2.48,2024-02-20 01:17:58,,,2.48
9fb3282c-d164-4ac7-8b96-781920cc5c85,Achmad Razzaq Sumardiono,https://play-lh.googleusercontent.com/a-/ALV-UjU_bfjZiQGvATsA3gw5aCMoz_Hhrr0wTezYVFcgJW860nOm1vfm,"Aplikasi sering ngcrush , dan cara penggunaannya kurang Simple , dan lebih parah lagi engga bisa digunain , sampah , ini kan khusus untuk foto ch hasil masa yang kebuka kamera ultra widenya sih , kebanyakan ambil untung dari pada buat apk yang berguna",1,0,2.48,2024-02-19 10:27:31,,,2.48
5c771b6b-4f8c-4448-8190-3e7c38635817,wonder 777,https://play-lh.googleusercontent.com/a/ACg8ocITU7ZuQXebi2x10z_MzQfFmls2lcPcYSfCcT6-tAqdmrfjDg=mo,Muak bgt. Please lah gara2 eror ga jelas jadi ada data yang gak ke kirim sementara aplikasi nya udah gak bisa edit . Gimanaa sih padahal belum dikunci juga harusnya bisa di edit dong!!!tolong lahh,1,0,2.48,2024-02-14 18:16:23,,,2.48
d1582a58-9fcd-4285-bacb-99374613ea37,Andika Putri Utami,https://play-lh.googleusercontent.com/a-/ALV-UjXPU4kgF2Ht6I5WzIv0rs7koY5dBm0eDmpKoGz-YAvIPepuJ4MY5w,"saya sbg Anggota KPPS sirekap 1,, jujur aplikasi ini lah yg bikin kami pulang pagi, memastikan semua terfoto dg baik tapi tidak ada gunanya, tetap saja tidak bisa terbaca.. saat bimtek aplikasi tidak bisa digunakan, saat pemilu aplikasi down.. 1 hr setelah pemilihan pun di cek kembali buat memastikan data dan menguncinya, ternyata sebagian disuruh ulang foto lagi üòÇüòÇüòÇ, ya mana bisa dikunci kl begini üòÇ untung semua hasil C1 SUDAH DI FOTO & SCAN.. JGN SALAHKAN KPPS, KPU YG BELUM SIAP..",1,0,2.48,2024-02-21 09:02:59,,,2.48
20d8260e-bb7a-49c5-8345-6a54cfcb4858,Muhammad Ulul Azmi Official,https://play-lh.googleusercontent.com/a-/ALV-UjUloUmVauWcM4Ax8p-8w3NjQAE4LxeNTafaeBVGoWfAXnRkHl1x,"Servernya ditingkatkan , kasihan operator, upload foto 3 saja sampai berjam jam. harusnya juga ada menu unggah foto, untuk upload hasil foto kamera / scan. Bukan ambil gambar langsung dari aplikasi. Dan juga sediakan aplikasi versi desktop.",1,0,2.48,2024-02-15 15:17:54,,,2.48
c8e92c2d-330c-4f71-8fe3-7cbe0f581290,Adi Purnama,https://play-lh.googleusercontent.com/a-/ALV-UjWrKNW3JD4EClrnk_sWd5Kaa1122zlKHrBju37WuIwCcBsRTlQ,"Tolong yang buat aplikasi ini tolong banget penanganannya dengan sungguh sungguh, masa saya sudah upload sudah verifikasi semua tapi katanya datanya belum masuk ke real. Count KPU, dan tolong perbaiki AI sirekap untuk bisa membaca tulisan yang sedikit blur atau salah coret dan servernya tolong diperbaiki lagi Itu saja sih nanti kalo ada tambahan lagi saya beri tahu lagi Trimakasih",1,0,2.48,2024-02-19 04:01:56,,,2.48
4c88aa62-8e88-40c0-b0e0-7637343228b8,Nabila Ris,https://play-lh.googleusercontent.com/a-/ALV-UjXgwSIKa8vTbDh-mkKbBnyNRLl_tzyjjfUUnztqI1lHAvg4953J,"Bisakah kamera untuk pengambilan foto menggunakan kamera utama (48MP) dan bukan kamera Ultra Wide (8MP)? Itu membuat foto yang dihasilkan menjadi buram dan tidak jelas, sedangkan foto yang diminta oleh Sirekap ingin tampak jelas. Mohon bantuan dan penjelasannya, apakah kamera untuk pengambilan foto dapat diubah agar foto yang dihasilkan nampak jelas, terima kasih.",2,0,2.48,2024-02-17 00:29:10,,,2.48
69c09d7a-0fce-4664-9059-70226f4fc323,Lisa Septiana,https://play-lh.googleusercontent.com/a-/ALV-UjVVbtbOtedGew7vL9FXQKOqtFimzXI7nPVg68MvUiDTyu5We-la,"yang katanya dunia serba digital dan agar mempermudah pekerjaan nyatanya malah menyulitkan. Tadinya ngasih bintang 3 siapa tau ada kemajuan, ternyata pas hari h dipakek malah ngrepotin penggunanya. Untuk aplikasi sekelas nasional, kalau belum siap besok2 jangan diluncurkan. Saya edit bintang 1üôè",1,0,2.48,2024-02-16 12:53:56,,,2.48
10141c53-7c50-4614-8c6b-6288c7e7cbaa,Salma Azizah,https://play-lh.googleusercontent.com/a/ACg8ocKkJMu01LMT3KkETXalJlHlKQxN2zGSVGJOML8L32aaycF7HA=mo,"burukkk banget aplikasinya, sampai hari ini saya belum bisa membagikan pdf nya dari pagi sampai sekarang masih muter terus, padahal memory hp internal 6 GB, udah di matiin data terus nyalaiin lagi masih muter, hp nya di matiin terus nyalaiin lagi masih muterr, di restart hp nya masih muter tuhh belum muncul"" pdfnya. orang lain pada bisa kok saya gak bisaa, apaa penyebabnyaaaaa saya juga binggung",1,0,2.48,2024-02-16 16:35:49,,,2.48
fe11c892-f031-4008-a2b3-f415af4ada26,Rizki Hidayaturrohman,https://play-lh.googleusercontent.com/a-/ALV-UjV8ttpUldUSaJJGBvQU7BVPvxnFx78t_6dow1cjt96oiXfitRNl,"Aplikasi yang menurut saya bukannya memperlancar, malah menghambat. Tolong diperbaiki mulai dari proses yang lama dan belum tentu berhasil di proses. Apalagi sistem fotonya harus live. Iya kalau ketahuannya pada masih waktu dilokasi bisa diulang fotonya, lah kalau ketahuan gagal diproses nya waktu kegiatan sudah selesai dan Plano sudah dikirim. Tolong lah, sistemnya diperbaiki agar memperlancar KPPS dalam menjalankan tugasnya. Ini justru malah memperlambat KPPS. Tolong diperbaiki üôèüôèüôè",1,1,2.48,2024-02-16 08:53:57,,,2.48
86ee7eaa-460f-4329-b38b-89dff7a915e6,wahyu Prasetya,https://play-lh.googleusercontent.com/a-/ALV-UjXUHgnyvoxLcazqxkjoGT6br5_oTIk2gdN-OskN4l5l6lEjYCZa,"Singkat saja "" Aplikasi Aneh"" sekelas nasional diperuntukan untuk pemilu yang digunakan beberapa tahun sekali bukanya mempermudah tapi mempersulit pekerjaan, yang harus nya bisa cepat selesai....ini membuat pekerjaan semakin lama dikarenakan proses deteksi gambar buruk.. Uda cape liat aplikasi pemerintah dari sgds terus ini lagi...hadeh, Terlalu spele...",1,0,2.48,2024-02-15 08:57:45,,,2.48
b1ea1082-8a40-41fd-b1d9-da8369f127e2,Musafa Faozi,https://play-lh.googleusercontent.com/a-/ALV-UjX_7Vtv9GtcbEQ-MOgQog-5AowLuaZWwqS7JecfDFEK6f5WPoBm,"Blas gagal bikin kepala pusing, mana yang capres dan cawapres ga bisa di edit, hasil di periksa lebih dari DPT lagi. Buat apa pake aplikasi sirekap kalo hasilnya ngawur. Saya beri nilai 0,05 dari 100 Saran di perbaiki sampai jadi jangan sampai kaya gini lagi. Keliatan banget kalo server / aplikasi buatan Indo jelek"". Padahal aplikasi ini alat bantu untuk negara, masa sampai segitunya hehe",1,0,2.48,2024-02-20 01:24:21,,,2.48
4c652eba-5b56-458a-8534-cdece2241acd,Merlina,https://play-lh.googleusercontent.com/a-/ALV-UjUm7jpPc3GB9baYaDulP43vTni2mXkFTQazEb5-eHGGUT5PUtS-,"Aplikasi cacat,aplikasi prematur,banyak bug ,banyak error, aplikasi tersampah yang pernah saya pake semenjak pake hp android,KPU pake nyalahin kpps banyak aplikasi nya aja cacat, upload satu foto susah nya mintak ampun,apa lagi pas pemilu 67 yang mau di upload,1 foto aja setelah berjam jam baru bisa id upload,Kadang gak bisa sama sekali,apa mungkin dana pembuatan aplikasi di korupsi sampai bisa aplikasi nya secacat sprematur ini,HELLO ini aplikasi buat negara EMANG BOLEH SECACAT INI APLIKASINYA",1,0,2.48,2024-02-24 06:28:17,,,2.48
f9d00cd4-712d-44ec-9fe8-a2ecf86f9d42,Dama Yanti,https://play-lh.googleusercontent.com/a-/ALV-UjVbaEHqXurQ3sRJo-9hjd5KdHAbwRhX3oIKpfYkOfLn3xxoHs3Q,"Tolong diperbaiki, aplikasi belum siap digunakan suruh pakai, mana pps suruh coba terus update ke si rekap. Intinya hasil sudh selesai, gak peduli dengan si rekap, gak bisa terus cape coba2 terus. Wassalam",1,0,2.48,2024-02-22 11:06:15,,,2.48
df580a5d-36cc-4df4-ba49-2e5e9b32a64c,yusep sugiatno,https://play-lh.googleusercontent.com/a-/ALV-UjXGdZL7cOlVslRJSRfg5mumAA9C_TlsluxkfeGQm6ZnZYxmEC05,"Yang buat pasti orang pusing, makanya bikin pusing yang pakai aplikasi. Lain kali pakai jasa vendor yang kompeten dan berpengalaman yang siap dan benar¬≤ siap sampai finish, bukan hanya siap di awal pembuatan. Kedepan harus lebih baik Siap Buat aplikasi, Siap koreksi dan perbaikan aplikasi, Siap digunakan sesuai manfaatnya, Siap digunakan dengan kapasitas yang diperlukan, Siap menjaga keamanan data aplikasi dan pengguna, Siap antisipasi Down, overload, Bug, dll tanpa kendala hingga selesai.",1,2,2.48,2024-02-18 01:57:39,,,2.48
fcf8fd50-b609-4d9e-ad48-3f0acc173b53,nabila 181013,https://play-lh.googleusercontent.com/a/ACg8ocJSfZes28p9lPj4pCtdKttVRDbkVDyVljF-DGPohYGIYmjeyQ=mo,pada saat pelaksanaan aplikasi loading nya luar biasa tp data sudah terfoto & sebagian sudah terverifikasi malah yg presiden sdh terkunci karna ada bbrpa kendala d suruh update ke versi 2.48 stlh d update data hilang semua...üòìüò°,1,0,2.48,2024-02-16 06:35:38,,,2.48
61c06b3b-4019-47d6-97e2-962a09e0064a,Fahmi Achmad Ramadhan Sudarjat,https://play-lh.googleusercontent.com/a/ACg8ocJF0UhYN9SGNnvleYeWtxTjwPGKqKTbcXm3tx2pIAn-d0KsRw=mo,"Kalau bisa pilih bintang lebih baik tidak ada bintang, bukan tidak ingin meng apresiasi orang/developer ini. Tapi masa sih 5 tahun tidak bisa mengembangkan aplikasi tersebut apakah tidak ada Dana? atau Bagaimana? malahan membuatnya mendadak (22 Januari 2024) aneh banget, server kurang jadinyakan overload, dan banyak bug. Kalau ga niat buat jangan buat lah malah memusingkan orang-orang. Untuk tahun ini lebih baik ditutup dulu, perbanyak servernya biar Kami juga merasa nyaman sebagai pengguna. TY",1,0,2.52,2024-02-24 03:32:46,,,2.52
35fd099f-e115-4f0f-b95d-32de5f0fdd62,Bbirong Dan,https://play-lh.googleusercontent.com/a/ACg8ocKugz11YE6HMa4seuQ_eiC-eZ-7pwzutHgI25d_dqpNlIBCIg=mo,"Aplikasi butut, herannya kpu dikasih waktu 5 tahun untuk buat ni aplikasi tapi hasilnya malah seadanya, kayak ga niat buat (lebih ke ""hemat budget"" mungkin). Gak bisa unggah foto dari galeri, kualitas foto jadi jelek banget + blur, gak ada flash, sudah diunggah suka minta foto ulang yang mana itu buat repot. Lain kali kalo diamanahkan untuk buat aplikasi tolong buatlah dengan sebaik mungkin, masukan dari teman"" yang sudah diulas tolong dipikirkan.",1,93,2.32,2024-02-26 13:47:32,,,2.32
cf18e5d8-7cf1-42fa-a5ee-df5284d010e7,Lisa Wulandari,https://play-lh.googleusercontent.com/a/ACg8ocL8dy1uj6tR74FxmPToHLYLpVwtLNIS2iA-Tyr8jBfYzVXb9w=mo,"Aplikasi nya mempersulit bukan mempermudah, sebaiknya sebelum diluncurkan untuk di gunakan secara masal dipersiapkan dulu dgn matang agar ketika di gunakan gak banyak kendala. Daripada buat lapor hasil pemilu ,mending KPU luncurkan aja aplikasi undangan untuk pemilu secara digital ,tapi pelaporan biarlah masih secara manual. Jadi lebih bisa hemat anggaran gak perlu cetak undangan lagi secara fisik. Daripada buru"" luncurin aplikasi gak make sense kaya gini untuk pelaporan hasil pemilu.",1,0,2.48,2024-02-15 11:44:58,,,2.48
5ce2e532-f7f3-4beb-b25a-d2712c3f5704,Jul Resmol,https://play-lh.googleusercontent.com/a-/ALV-UjUWfSRElWhUW565QoAwW1AEzDt3uQ2j5zN-17sx_bNLIauH9w,"Kurang lebih sehari setelah penyesuaian nilai dengan foto yang diupload, nilainya berubah dengan sendirinya. User tidak dapat mengoreksi nilai lagi karna sudah terlanjur di ""submit"".",2,0,2.48,2024-02-23 02:41:41,,,2.48
34466562-1b76-40b6-9782-29cb72aa4a0a,REY 002N,https://play-lh.googleusercontent.com/a-/ALV-UjUB8q8J5ICsD0G-62pJ2qERbe89HPGKCPURoC12igK3zPT7X0Pr,"aplikasi paling jelek yg pernah saya download, masih menggunakan fitur dan program yang tidak kekinian dan bsa terhitung jadul membuat aplikasi tetapi malah menyusahkan untuk pengguna sekaligus malah membuat ambigu"" d masyarakat karena kesalahan sistem",1,0,2.48,2024-02-17 08:22:25,,,2.48
05411f22-ca2a-478d-940d-c70a1432fc0b,Asep Rohimat,https://play-lh.googleusercontent.com/a-/ALV-UjUMZZVGMayKSPPxCqm34qU5CZdq0Aj9K-zuRslUu4Aco5TJgUZu,"Aplikasi SiREKAP yang saya gunakan terkena hapus data sehingga menyebabkan ketika saya login kembali data hilang dan harus di foto ulang, saya sarankan agar ketika walaupun terhapus data aplikasinya ketika login ulang, seharusnya data tersebut tetap ada dan tersimpan di Server sirekap, kalau nasi sudah menjadi bubur iah mau bagaimana lagi. Untungnya saya sudah memfoto sebelumnya dan sudah submit semua ke server sirekap.",5,5,2.48,2024-02-22 12:13:09,,,2.48
cecae6f3-b000-42b3-aaa0-b13bbb7bcafe,Khoirul Tamam,https://play-lh.googleusercontent.com/a-/ALV-UjUsx7kOFZxkUeCd1bTFLCn4tH4UyxLY1KMLgX7I03dY2Zda6go,"APLIKASI GAGAL. Suka nge bug, over akses bikin Lemot, kamera tidak bisa di fokuskan dan kualitas gambar tulisan jadi blur. Unggah gambar tulisan ""tunggu sesaat"" TAPI 3 hari blum selesai proses pengunggahannya. Cara pengaplikasianya cukup mudah. Tapi ya seperti tadi contohnya. Aplikasi PEMILU dari tahun 2019 sampe sekarang gak ada perubahan.",1,458,2.41,2024-02-16 12:29:00,,,2.41
8ba2e263-7406-4ba8-81ac-c7d5b073a805,Tesa Derajat,https://play-lh.googleusercontent.com/a-/ALV-UjUUZuokAAvPlDirBc45ZRnKcFxz0FQhM7AfwIvAgzHGvKJZm9U,"Sudah di beri akses dari kpu tapi sekarang tidak dapat login,username or pass salah,sebagai anggota kpps kita merasa kerja kita tidak baik atau buruk karena kendala sirekap,tidak mudah,tidak semuanya dapat untuk mengunggah file c hasil pleno,dan admin malah di minta login kembali,dan ketika login di tidak dapat karena server tidak mampu membaca username admin dan passnya.",1,0,2.48,2024-02-25 16:28:09,,,2.48
939725e8-9987-46ed-8ba8-3f097f0d79ac,Mblese Tan,https://play-lh.googleusercontent.com/a/ACg8ocIrrT0iBMS3Djt48yK3j75Ru8fU8WH9KrhAnEAAZw7_D5__Fw=mo,"Lama untuk pengambilan foto, hasil gambar buruk walaupun pencahayaan cukup. Aplikasimya Kadang masih keluar sendiri. Sangat tidak efisien",1,0,2.48,2024-02-15 22:29:07,,,2.48
7cd20219-d7d5-4fa2-9705-9d3e3e3da556,Kira Kira,https://play-lh.googleusercontent.com/a-/ALV-UjXIab1W4oVUzOjogAgYT8qkEOuZf3pvkGYfL5N3RKCjFyTAzszK,"Aplikasi terbaik, sangat berguna, tidak ada bugnya, tidak force close, dan upload data selalu lancar tanpa halangan. Terimakasih sirekap, kamu sangat membantu dan mempermudah pekerjaan KPPSüôèüèªüôèüèª‚ò∫Ô∏è",1,0,2.48,2024-02-17 10:31:53,,,2.48
b46756e3-0732-4886-baf3-20651d54256b,Mas Fairus,https://play-lh.googleusercontent.com/a/ACg8ocIHOqqm3qqcuMpTJAEvDAM618UtKWiSLqYwqVm0huuZo8YHyQ=mo,Banyak kekurangannya. Andaikan foto bisa di ambil lewat galeri. Kan gak pakai lama fotonya. Foto 1x masih proses sudah keluar APK. 1 foto lampiran pertama aja 100kali fotonya. Kerjanya bukan buat foto aja kita ini,1,0,2.48,2024-02-17 15:02:37,,,2.48
766dd3f4-3b59-463f-922d-c35f93c51862,Yohanes Jeri,https://play-lh.googleusercontent.com/a-/ALV-UjURDFGr6mHv4GzmA5JzIvpObHplRiRqcFDmNLWVyZed5GPs9kY,"Saya beri 4 bintang apresiasi perbaikan kualitas pemilu di perhitungan suara dan transparansinya, di versi 2.48 saya beri tanggapan sedikit, untuk verifikasi data sangat lama responnya hal ini menambah beban operator disisi waktu dan monitoring, selain itu angka hasil yang keluar harus diteliti benar¬≤, karena angka pada gambar sering kali tidak sesuai dengan plano, ini akan menyulikan operator yang meng-upload di tempat lain yang bersinyal baik, krn belum tentu bawa berkas yang harus foto ulang.",4,126,2.48,2024-02-14 21:38:56,,,2.48
05417d76-2d13-417d-8e5c-1bf7c2282fe1,Nofia Abdilah,https://play-lh.googleusercontent.com/a-/ALV-UjU6EYxBWABb4lFg2VZzqXV_Cl-i_5YKSzJyBhZduDSPAb29UJo,"Tolong lebih ditingkatkan lagi, terutama kamera agar fokus dan dikasih flash.. upload terlalu lama dan data yg terbaca salah jd harus edit sendiri.. sangat membuang"" waktu dan memperlambat kinerja. Fitur edit ditambahkan, jangan skali pencet g bsa berubah lagi ü•≤ agar bisa di edit sampai data bner bner sesuai.. Cukup membantu dr pada yg sebelumnya tapi banyak nyusahinnya ini aplikasi ü•≤ü§£",2,153,2.41,2024-02-16 16:12:49,,,2.41
b21deee4-2607-407e-a9d7-b116dbba95c5,Mulya Akbar,https://play-lh.googleusercontent.com/a-/ALV-UjXMc9GZJpxQKwkPz2PizlACHSMsMWDGg8JsYKJEh_qxzSnMp20,dari instansi bersangkutan....üòÅ alangkah bagusnya sebelum dilaksanakan pemilu aplikasi sirekap diuji coba dulu dalam riset dan diambil sampel yang banyak agar tau kelemahan dimana supaya bisa diperbaiki. jujur untuk skrng aplikasi sirekap banyak kelemahannya terutama dalam hitungan suara di sirekap dengan Plano yang terjadi ketidak sesuaian dalam hitungan suara yang tidak bisa diubah atau disesuaikan dengan Plano. ada apakah itu pihak penyelenggara.....?ü§´ mohon perhatiannya dan terima kasih üôè,1,18,2.41,2024-02-17 20:34:52,,,2.41
37aa1ed7-3858-4248-b460-8481edb45676,Megy Rizal,https://play-lh.googleusercontent.com/a-/ALV-UjXLJ9WdsYFAyQvQD8r14-_rTMLoU-VlSSR0Sy_d7MY9RDfBaWRl,"Aplikasi parah. Sekelas pemilu aplikasinya kok begini. Mulai dari sering eror, ada instruksi harus ofline tiba2 harus online, dan anehnya beda hasil antara hasil real dan pembacaan hasil di aplikasi. Dan itu tidak bisa diedit oleh operator sirekap! Kalau seperti ini gmn ga dinamakan curang?",1,4,2.41,2024-02-16 12:42:20,,,2.41
45b5b6e8-29d7-47d7-8432-3ca401624628,yabes vridman,https://play-lh.googleusercontent.com/a-/ALV-UjXQA8jSPCEgqZTCr5R3BVZMC4S2rsQ0D7W2t4kCmuEgWvecwBU,"Aplikasi sudah bagus, hanya saja masalahnya adalah aplikasi ini banyak kekurangan.. yaitu CRUT yang pastinya Seorang orang pemograman berbasis dekstop developer ngertilah ..kalau saja ada CRUT kita bisa mengubah atau menghapus adanya pendobelan kata atau mengedit ulang kata yang salah.. jadi saran saya ada tolong perbaiki ulang aplikasi ini sehingga pengguna merasa nyaman menggunakan aplikasi ini",1,1,2.41,2024-02-14 18:50:05,,,2.41
4e1591ee-b403-4154-99eb-008fc966a11b,Fahriza Gymnastiar L,https://play-lh.googleusercontent.com/a-/ALV-UjVrC5oed7bvsAOqbDJKu7kM_4cUw_h0wTVucEelSDxCXAtfWjQQ,"Sangat banyak kekurangan, aplikasi yang tujuannya untuk memudahkan malah lebih mempersulit. Pembacaan angka banyak salah, terutama X sering dibaca 8. Kemudian untuk aplikasi yang sepenting ini, tidak ada opsi untuk mengedit saksi, pps, panwas, waktu pemungutan, dan juga waktu perhitungan. Jika salah mengisi, maka tidak ada jalan kembali, kecuali direset langsung dari pusat",1,2,2.41,2024-02-17 08:47:48,,,2.41
c7fb3a50-54cb-4964-9794-c4f09ac2b8f6,Yanwar Ramadhan,https://play-lh.googleusercontent.com/a/ACg8ocItpTuzuPLvYSc9Ukcst_zP981ubkRsPqO5KbBonR1moGw7Qg=mo,"Untuk developer mohon maaf nih aplikasinya masih bobrok sekali, 1. Server sering down ( sepertinya anggarannya kurang banyak kah buat isi dompet? ), 2. Kamera dari aplikasi gk bisa di buat fokus manual + gada fitur flash padahal untuk penghitungan bisa sampai malam hari sehingga kualitas foto sangat jelek, 3. Uji kelayakan minimal 1 tahun-1 bulan sebelum pemilu kek supaya kpps tidak terbeban i waktu hari H karena sudah kurang tidur tetapi juga harus mengisi di aplikasi yang masih bobrok",1,1,2.41,2024-02-17 11:31:40,,,2.41
76032b83-afe3-4eec-baa4-af91613271ac,Imanuel Christian,https://play-lh.googleusercontent.com/a-/ALV-UjVXGgoKxlwWcsYJbNkPIU5Kotjh2GYi78xxo-F5Q8UQirbIjbaa,"Aplikasi jelek, membuat saya kerja 2x dengan data yang terhapus sendiri. login susah, angka nomor plano banyak yang harus di betulkan sendiri oleh user supaya tepat (percuma juga bila plano di tulis dengan angka digital supaya dapat terbaca, nyatanya tidak terbaca), harus memfoto ulang beberapa foto sementara hasil manual sudah di kirim ke pusat.",1,1,2.41,2024-02-15 21:37:04,,,2.41
ff5f2078-97be-45af-8758-331c8d41457a,Muhamad Haviz,https://play-lh.googleusercontent.com/a-/ALV-UjXmOam2o1W93BUbqtEkXELU2SEByM5NSXE9hDHaX8Bgi3p6YuYu,"Aplikasi ini masih banyak masalah, terutama bagian interface yang masih error, memasukan data yang tiba tiba ter-log out, tiba bisa sinkron antara huruf dan angka, saya saran kan untuk bisa menginput data melalui ketik keyboard tetapi sebagai bukti kalau data tetap valid menggunakan scan foto, dan bisa di optimalkan kelancaran dan performa aplikasi untuk di berbagai device terutama OS Android 7 dan keatas Terimakasih",2,8,2.41,2024-02-15 12:01:12,,,2.41
2e8dda89-6e8d-4870-a4ab-f1653cd36365,Tulus Rahyadi,https://play-lh.googleusercontent.com/a-/ALV-UjVYUN7sGTJdmlRa4k6gc3U47OkXwwNXGOQXNx5kjwOAlMdhjgoz,"Aplikasi level nasional, tapi servernya lemot. apakah saat membuat aplikasi ini tidak memperhatikan UI UX, atau tidak menggunakan analisis SWOT atau Pieces.? Kelas nasional tapi kayak amatiran banget. Kalau memang diakses seluruh Indonesia, harusnya dipersiapkan dahulu Jaringan dan Servernya sebaik mungkin, biar tidak merepotkan Petugas. Bintang ulasan akan berubah sesuai dengan kemudahan user saat menggunakan aplikasi. edit ulasan paska pemilu, intinya aplikasi ini tidak bermanfaat. Thanks.",1,17,2.41,2024-02-16 09:48:50,,,2.41
9713402d-daf6-421e-a550-e70ba8f23c4d,puji astuti,https://play-lh.googleusercontent.com/a-/ALV-UjUFVDd1uAuoVZx-sfi85wiuHTZTTCiplkAnLWWl4M73qpI0OUo,"Katanya bisa offline, tapi saat di gunakan malah jadi ga jelas dan ga bisa di pake. kamera aplikasi juga tergolong burik, mau pake kamera bawaan hp tapi fotonya ga bisa di masukkan di aplikasi, padahal hasil foto kamera lebih jernih dan jelas. Hasil camera aplikasi malah ga terbaca.",1,2,2.41,2024-02-17 16:01:02,,,2.41
2d7c0351-8de4-4f5c-8ddc-36a5b9493d7f,Muhammad Taufiq,https://play-lh.googleusercontent.com/a-/ALV-UjU90knOiXo-6azAlj_Wgf2C50uNi4LP-SVIKK_O-ia6aT0O0oI,"Aplikasi masih banyak kekurangan, kamera tidak bisa difokuskan selalu blur padahal penerangan sudah maksimal sekali, sampai H-6 masih ada update aplikasi, harusnya H- beberapa bulan sudah tidak ada update lagi, login susah, sudah hampir tidak tidur dan aplikasi bermasalah dan KPPS masih disalahkan, jika ada rating minus sudah saya kasih rating minus",1,4,2.41,2024-02-26 10:25:28,,,2.41
5a098ea6-bceb-4258-84d4-5bcb18881343,DEEAN,https://play-lh.googleusercontent.com/a-/ALV-UjU1BNqbCeC4yfKBgsTgvmb9KXhbR31E-LubV5mjfxw3UnQ_kzh7,"banyak bug malah bikin mempersulit, tidak jelas, tidak bisa mengirim foto lewat file, yg tadinya sudah di foto setiap Plan C, eh tidak bisa dikirim tapi harus di scan langsung, jadi plan c yg sudah tersegel terpaksa harus di buka kembali, UX tidak simple, intinya malah mempersulit",1,3,2.41,2024-02-15 14:59:18,,,2.41
ca7d3f54-7859-41e9-a126-a4b3135264b8,Anti Gusnawatialwi,https://play-lh.googleusercontent.com/a/ACg8ocIAszLRZ2BfYv5sNpLZUe4SNIy6JUTz797-GXyxfqtPvxHT9g=mo,"aplikasi yang membuat pekerjaan dua kali lipat krn selalu log out dan hasil foto tdk sesuai dengan hasil yg sebenarnya, diedit lagi nambah beban kerja pemakai sirekap krn utk menghindari fitnah atas kerja keras tak mengenal waktu, upload foto berhasil tetapi jika ingin liat verifikasi kesamaan data utk submit justru sangat sulit dan itu jadi kendala utama.",1,3,2.41,2024-02-16 14:01:13,,,2.41
59972544-9bdf-43e8-b3c6-47616c96055c,Nurul Rasaki,https://play-lh.googleusercontent.com/a-/ALV-UjVVjpm9m5nkj5I7_asnJK7ZQOFpnYuTgB8HXoQMeYFduXbkSGXo,"Aplikasi nya sama sekali tidak worth it, update nya sering error sering juga, pas nge foto lama nunggu loadingnya, apalagi kemarin pas pemilu malah ga bisa digunakan, jadi tolong dong kalo mau digunakan lagi benar2 di perbaiki jadi lebih baik lagi, karena saya sangat kesusahan saat pemilu, udah cape2 memfoto c-hasil dll trnyta malah error jadi percuma saja jadinya, mohon untuk membuat aplikasi yang benar2 berguna",1,2,2.41,2024-02-17 18:14:09,,,2.41
d3a1ab99-4772-4f61-bd3d-14b8c994ca33,Dini Setyawatir Rohmah,https://play-lh.googleusercontent.com/a-/ALV-UjVXg5U9Yxmp1p1fhpot4ct4UoVHts8vbTniHgyGdPc2iNiHqXA,Banyak kendala di aplikasi ini. Ketika pemilu sampai sekarang gambar tidak bisa dibaca kalaupun terbaca OCR tapi tidak bisa di submit. Bukan mempermudah tapi mempersulit,2,0,2.48,2024-02-17 05:28:38,,,2.48
7ef3ff06-551c-4ee7-b788-5cd3cf3998f1,Moh Kabirunajib,https://play-lh.googleusercontent.com/a-/ALV-UjUeaLMVCQeakBOFNYSAh3J0tTWPDDCb7DE_88PnpLEdaRnFV1iE,"Aplikasi dari 2019 sampe sekrang tidak ada perubahan, harusnya bisa ngakses foto yang ada di galeri juga, mohon ditingkatkan bukannya mempercepat malah memperlambat bolak balik harus memenuhi panggilan PPS Loading ngunci dokumen aja dari taanggal 15 sampe sekarang masih ada yang belum selesai juga",2,0,2.48,2024-02-20 02:46:54,,,2.48
614f2728-c088-4e86-8ee2-792b160e2e1b,Puput Purnamasari,https://play-lh.googleusercontent.com/a-/ALV-UjUPoCgWVpo-112VnHt_etbmPcki1HDFZL5LsxXaJxPMkh_LW-9Ujg,Asli menguji kesabaran. Masa tinggal buat foto daftar hadir sama tanda terima aja fotonya gabisa masuk. Padahal foto c-hasil langsung bisa dan terverifikasi. Kalau belum siap bikin apk mending gausah deh. Malah nyusahin aja,1,0,2.48,2024-02-17 16:40:36,,,2.48
2567977e-6a87-4d3d-a74c-de74923338ae,FSF COID,https://play-lh.googleusercontent.com/a-/ALV-UjXpYPgWVYwvNb7h6KtZXLmgw_4EMd7RRQsFRl3EMjaNDqIWaWI,"Yth_ dev'apk & hukum yang berlaku,,, Saya ingin meminta tolong... Tolong kebijakan nya ...saya kehilangan data sirekap ((di versi 2.48/2.42 )) Setelah saya update ke versi 2.52 Tolong kebijakan nya untuk data saya ... Krn saya belum beres untuk rekapitulasi data tsb ... Jika anda baik tolong jawab ulasan ini #terimakasih",3,61,2.52,2024-02-23 12:42:31,,,2.52
78c41bba-1cef-4aea-a828-1677522020df,Marta Ainur Isnaeni,https://play-lh.googleusercontent.com/a-/ALV-UjX5ki7TerHPJNFrLvQn3dyKVw3nM6t-RL9YO4IU-yYWnEDjNak,"Maksud nya gimana aplikasi ini mau dibuka kok terjadi kesalahan dalam penyiapan perangkat silahkan aktifkan kunci layar, menyesatkan...... Penasaran aplikasi dihapus, di download lagi tapi tetap nggak bisa di buka... Pokoknya aplikasi nggak bermutu.......",1,0,2.48,2024-02-20 05:03:27,,,2.48
49c8c49c-14a4-4a31-bbea-9277bbfb7a20,Buchory Imam,https://play-lh.googleusercontent.com/a-/ALV-UjXPessW1HwKwL5f58ZWX2TR6O9SPcmIozoSmj6sanoVsvCEjys,"sebenerE bagus,, sayang sistem untuk pengambilan/upload file sulit,terlalu rumit, seandainya untuk koreksi di sediakan file/salinan c hasil tersendiri yang ukuran bisa di jangkau untuk pengambilan gambar,lebih enak.. Dan aplikasi belum siap betul.. masih sering eror.",3,4,2.41,2024-02-15 05:10:13,,,2.41
efd89a4d-4f24-4e90-b9bc-b0829fd924ed,om bali58,https://play-lh.googleusercontent.com/a-/ALV-UjV8TSnfveeomu-conKrvJthDfG2VFzGNJn6vy_o2xGq5QqxM_g,Sangat tidak memuaskan. Idenya sudah bagus tapi tidak didukung dengan kualitas sistem yang baik. Jauh2 hari mestinya ada test dulu agar pas digunakan disaat yang sangat penting bisa berjalan dengan lancar,1,0,2.48,2024-02-17 01:58:45,,,2.48
c1dd9b30-e6dd-4ba2-85a8-a0e93b9ef994,Muhammad Alif Al Hazmi Adlan,https://play-lh.googleusercontent.com/a-/ALV-UjU4cysU_JmJtY0O-5rHYv_yx4It9sDYj7AfQWZVmKMyeIOtZhrU,"Aplikasi belum selayaknya dipergunakan, karena banyak sekali bug dan akses ke server yg melambat ketika di gunakan secara bersama/serentak sehingga sering kali terjadi kegagalan saat mengaksesnya atau bahkan tidak bisa digunakan. Kesiapan aplikasi untuk kegiatan pemilu dinilai gagal, padahal perhelatan pemilu hanya 5 tahun sekali. Persiapan 5 tahun untuk mengembangkan aplikasi kok gagal? Apakah tidak ada tim pengembang aplikasi yang profesional? Atau anggaran pengembangan aplikasi sangat minim?",1,0,2.52,2024-02-23 08:47:28,,,2.52
cfc23ed2-7df1-4564-a5bf-941214485f33,Penti Nur,https://play-lh.googleusercontent.com/a/ACg8ocJGvoju__phzCz4-sL66vQV4OFH2b59BsQXHYokG-YOc6FEjWo=mo,"Aplikasi sering gangguan sampai sekarang cm 1 halaman yg terbaca, bukannya mempermudah malah mempersulit tolong di perbaiki sistemnya dan Tingkatkan lagi kami yg sirekap ini kewalahan masa harus ke PPK utk foto lagi.",1,0,2.48,2024-02-16 01:38:55,,,2.48
dd3f90e1-aef8-4972-9fec-7f02a23a6a82,Rizal Dzaky Pambudi,https://play-lh.googleusercontent.com/a/ACg8ocKFX2SHTzwb8Dp5zbAUuPd_YVobCszlfHpYMfxBYDyiDeATAA=mo,"bukannya membantu perhitungan suara malah mempersulit dan memakan banyak waktu. belum lagi server ngedown,, tolong pihak KPU next lebih memperhatikan efisiensi kerja sirekap dan tolong bikin perhitungan suara dipermudah dengan adanya alat bantu seperti ini. terima kasih",1,0,2.48,2024-02-16 14:27:23,,,2.48
799b76d1-193a-4efb-9228-b1972b004b26,Andry Septianto Amar Bross,https://play-lh.googleusercontent.com/a-/ALV-UjX731WMTl1CW1piLD08XosbIewnG7go2F7f_rshvlM3JL2ijlc,Aplikasi nya sudah bagus tp mngkin keamanan data nya harus ditingkatkan lagi karena rawan dgn terjadinya double basis data dan saat pengupload foto cukup lama dan loading lama padahal sudah pakai wifi dan paketan internet.. mngkin utk mempermudah smoga bisa dibuat versi web nya.. maaf sblmnya dan terima kasih,1,3,2.41,2024-02-13 17:25:33,,,2.41
ce9979ac-c1ec-4a44-b2ff-8ea9dc69a274,Tity Sweety,https://play-lh.googleusercontent.com/a-/ALV-UjUPia5YqOufa5FNZmdG7KGzzi9ScCiKvuWfjPZypFBFUuQ1anHW,"Aplikasi gagal yg di salahkan SDM nya, sbgai ptugas sirekap jujur saja kami kecewa. 1. kami tidak ada honor tambahan (hanya bantuan pembelian kuota data). 2. proses upload yg menyita waktu. 3. minimal kasih fitur flash. penghitungan suara sampai malam tanpa flash hasil foto pun kurang maksimal. 4. di hari H aplikasi jg susah d akses server down (menandakan aplikasi emang belum siap digunakan scara massal dan bersamaan). 5. ada fitur edit (HANYA berlaku untuk DPD & DPR, TIDAK BERLAKU untuk PPWP)",1,0,2.48,2024-02-22 12:11:54,,,2.48
ec5ce56b-10c3-46c8-a365-0d06d3ee113a,Zakaria Alamsyah,https://play-lh.googleusercontent.com/a/ACg8ocLXNRoNxuwjLfOGXEVeODgqvVteaQoGRGoZclW80ypxCHUuCA=mo,"Gini ni kalau aplikasi dadakan , nunggu sukses harus berhari hari , giliran gagal harus upload ulang ke tingkat kecamatan/ desa . Orang lain itu kerja juga , upload harus manual gabisa pakai data yang kemarin sudah terfoto . Sedih memang",1,0,2.48,2024-02-21 08:54:30,,,2.48
bbcce4ed-498a-44c0-ae2c-78f437fb65a8,ZenALFA Satya,https://play-lh.googleusercontent.com/a-/ALV-UjVKP-0RivLOdU0dgiQwnJN938FKPqH8HI_zRyElROW64UcSPtmP5g,"Aplikasi sampah. Ai di setting dan didesain utk Mendongkrak suara paslon 02. Jelas sekali ketika sudah dipindai dari angka 074 tiba¬≤ jadi 748, dari angka 082 jadi 882. Lucu nya Markup suara itu terjadi hanya pada paslon 02. Kpu bisa jelaskan ke publik bagaimana itu bisa terjadi????",1,0,2.48,2024-02-16 10:52:43,,,2.48
b88f62a2-c6f1-46d6-8b1a-31186ec5425f,dimas fergill,https://play-lh.googleusercontent.com/a-/ALV-UjUA-CG9vAIMcRYknevuXx4qMBDEGboKpxUU5d1FUjKdsfWpJqTv,bukanny membatu tapi menyusahkan. berbeda dengan 2019 kebnykan selsai jam 1 atau 2 malam. ini rata rata pagi ke siang pada selsainy. gra gra sirekap. seharusny selama 4 th developer melakukan analisa dan uji trial tes. masih banyak bug dimana mana. ada beberapa kasus tiba tiba data hilang kembali ke nol setelah tanggal 15 ny. kesannya sangat di paksakan. Mungkin untuk 5 th berikutny.sudh mulai di lakukan ujicoba dari skrng.,1,1,2.48,2024-02-17 23:36:17,,,2.48
84848e7e-884a-418b-8057-eb9e744ac908,Atta Warsita,https://play-lh.googleusercontent.com/a-/ALV-UjVEabB2Tqxqkt-3G8uv-YRwef6Mt84gtsxA_IJ1kXeO1k03yLY,"Mohon maaf sebelumnya untuk pihak aplikasi dan pihak pengembang. Kalo bikin aplikasi tolong lah jgn setengah2, jgn tanggung, apalagi aplikasi untuk kepentingan negara. Semua pihak disuruh kerja maksimal, disuruh kerja cepat. Tapi dari pihak aplikasi sendiri tidak bagus, server tidak memadai bagaimana mau kerja maksimal kalo seperti itu terus. sekali lagi tolong buat pihak pengembang untuk server lebih ditingkatkan dan aplikasi jangan tanggung2. menyusahkan orang.",1,0,2.48,2024-02-16 01:32:13,,,2.48
3f7a5389-380e-4ff0-a96b-362e72547cd1,radar berita nasional,https://play-lh.googleusercontent.com/a-/ALV-UjUUF2idtkNE-Vp0C59dVcJ5gHYIj6j2LQ-4v_d3YJkcreg47w,"Begitu sy membaca komentar para pengguna apl ini mmg ada rasa keraguan akan semua hal, namun bgtuu sy putuskan untuk coba sendiri. Oleh krn itu apabila bintang full sy buat dlm masa sebulan sekurang2 nya setelah apl ini sy download, maka itu artinya sy dan konsumen nya puas, ok termksh Nb: Aplikasi ini tdk tersedia untuk daftar baru, cuma akses login masuk yg sdh mendaftar.",1,1,2.48,2024-02-18 11:57:31,,,2.48
a961bc06-89ea-49b8-aa00-c578beb7c8ba,erik samsul,https://play-lh.googleusercontent.com/a/ACg8ocKnv2JdsOrHIWKnpnPEahvJFOnaugoSaENTYBS6f_Se8343bA=mo,"aplikasi sering error, masa biat upload C-Hasil saja harus nunggu 5 hari, itu pun masih salah datanya. lain kali kalau apk belum siap, jangan dipaksa dipakai. kami yang jadi kpps pusing tau, udah penghitungan suara sampai subuh terus ditambah aplikasi ini yang bodoh, jadinya kerja 2 kali kita. kenapa apk ini error? apakah anggarannya kurang?",1,0,2.48,2024-02-22 06:34:10,,,2.48
6e06869c-3c40-4028-aa5a-7ca9af28fea9,Ikhsan Reza,https://play-lh.googleusercontent.com/a/ACg8ocKlXkeTIP7fBotzea446-1Ct77Mc4R9f0uDUJYtzjGkDZCWtQ=mo,"Aplikasi yg bikin ribet petugas kpps tahun 2024, aplikasi yg di gunakan input data negara kalau canggih sama apk bus simulator üòÖüòÇ. Tolong segera di perbaiki, agar pengguna sirekap tidak kerja berkali-kali karena gambar selalu pending dan gagal terbaca. Bila perlu pemilu yg akan datang nggak usah pake aplikasi yg beginian, bikin ribet aja. Intinya aplikasi SANGAT JELEK sekelas apk negara.",1,1,2.48,2024-02-17 04:14:33,,,2.48
fa7110c7-517f-417b-8813-cb6e2d2b9b50,Icco Jazz,https://play-lh.googleusercontent.com/a-/ALV-UjWCnMWF1v_dvkNzGhbw4mAaAUPIwpo9c7iST0wUrmCGwWJKuIV6,Tulisan angka sudah pas.. Tapi terbaca salah.. Tolong di perbaiki untuk pengambilan gambarnya.. Kinerja buruk.. Bukan mempercepat malah memperlambat pekarjaan..,1,0,2.48,2024-02-16 05:22:36,,,2.48
6826298c-e56a-475e-8529-d8d2f5c4f745,Aonk Kusumah,https://play-lh.googleusercontent.com/a-/ALV-UjWd5hnG6iz2O04mDbKHIRJO_SrgEisAzoiogMeQv28Rzxo6slko,"Apk belum siap,kesan nya memaksakan. sering mental, tiba2 keluar sendiri, Kualitas gambar sering buram, upload lama, saran saya lebih baik bisa ambil foto di galeri, karna untuk proses foto nya aja lama banget, apa lagi upload pdf.",1,0,2.48,2024-02-23 19:34:37,,,2.48
ecb42e86-866f-4a12-ac3c-334c6f5e7193,Shofi mardika riduwan,https://play-lh.googleusercontent.com/a/ACg8ocInmiR79WuQszk5V1cwUbBpBHZ3Amm8BOLXZDMQfCaSIN6SI3I=mo,"Tambahkan fitur foto dari gallery, tambahkan buat flash, kamera kualitas rendah, membaca angka juga susah, bisa nya minta maaf doang tapi gak memperbaiki yg lebih bagus",1,1,2.48,2024-02-17 20:26:45,,,2.48
6bfa8da6-e7a3-4345-b4f0-acabde234f88,Alvin Bangun,https://play-lh.googleusercontent.com/a-/ALV-UjUj1oysF1P8SarOXGpV3W9rQZE2mgci6Do86BbyvoGQlXmGBYKR,"Bingung sama apk ini Mau liat detail gambar yg difoto malah gagal di akses dibilang periksa koneksi internet Padahal saya pakai wifi dan saya coba buka Youtube kenceng gak ngelag Lain kali klo apk ini gak bisa membantu yudh jangan dipaksa kali Perbaiki masalah"" yg terjadi pada apk ini jangan asik update"" aja",1,0,2.48,2024-02-15 16:14:40,,,2.48
98680030-a210-40e7-a2a8-5db3494e9508,Gesuter 33,https://play-lh.googleusercontent.com/a-/ALV-UjUu2jfDbsSlXy5gLy08tfW-hHWjytPCfBG2M4rXtwQc3H9tyuc,Untuk kedepanya Kalo bisa yang diunggah pdf aja kalo foto satu satu malah lambat kecuali kita punya server yang oke..ini yang akses satu indonesia lo bukan satu kabupaten.,1,0,2.52,2024-02-23 00:48:11,,,2.52
26bb6b3d-c03c-4c30-a89c-cfc7779277a7,18_169_Dedi Sarif Hidayatuloh,https://play-lh.googleusercontent.com/a-/ALV-UjUcP_J331M2YuaJf89_j2phlP2ryxm6n563xVeEAdspHvScXEfY7w,"Aplikasi yang error malah nyalahin kami selaku pengguna yang direkomendasikan untuk menggunakan nya, mikir komisaris perbaiki dulu akal baru bicara, coba kalian langsung kelapangan cek bagaimana susah nya kami selaku pengguna harus melakukan perekaoan data dengan aplikasi yang error ini, pekerjaan kami juga terhambat karena ngakalin masalah aplikasi ini",1,0,2.48,2024-02-21 15:27:27,,,2.48
54cb73ff-e17f-45e0-8cb5-9f84b329cbdf,Dita Sri Lestari,https://play-lh.googleusercontent.com/a-/ALV-UjXU_SzDsoljV4bj0xSdGrvkg-1ojcv9pyAs_4hPSl__F8u803uz,Verifikasinya terlalu lama menunggu jadi mempersulit. Sudah upload dari semalam berganti hari lagi tulisannya masih belum terverifikasi padahal memfoto sudah bener-bener jelas . Tolong percepat,1,0,2.48,2024-02-15 12:25:13,,,2.48
b542a47b-3376-43bb-809e-5bbd407b2443,ahmad harisna,https://play-lh.googleusercontent.com/a/ACg8ocJiRQx61ctdBAPcMWXrWaP_RPigKmUpCDNqO3ss6Vga2KoC5g=mo,"Camera jelek, tidak bisa scan dengan jelas. Kalo tau gini gausah pake aplikasi lah. Ini malah menyusahkan petugas, enak yg diatas tinggal nunggu data. Tapi kami yg bertugas sangat kacau, product gagal",1,0,2.48,2024-02-17 13:03:06,,,2.48
edbd55b6-6c0b-426b-8041-114d267ef1a1,Jenifer Inggrid,https://play-lh.googleusercontent.com/a-/ALV-UjXUZTtKSwHo-sTJXa99f66QrePDKHET-ByaBoA-EZ-ET6YyaeTN,"Setelah update versi terbaru malah gak bisa dibuka, autentikasi gagal. Gimana mau cpt selesai kalau sirekap aja gak bisa dibuka. Terus malah salahin kpps gak teliti pake si rekap. Parah sih",1,0,2.52,2024-02-27 15:48:29,,,2.52
8e8a99e0-1bca-4b86-8ad9-0025072cea38,Syaiful Rizal,https://play-lh.googleusercontent.com/a-/ALV-UjUxmMN01yNybU_aTT3uCwS33jc_IxYQ_stx97DFXiemMTK9pOc,"Aplikasi yang sangat menyusahkan pas hari H server down tidak sempat memfoto dengan baik , al hasil setelah kotak suara sudah dikirm ke kecamatan membongkar lagi dikira sudah tidak terpakai aplikasinya.karena hari H down",1,0,2.48,2024-02-17 14:34:34,,,2.48
0e8a1168-1a85-4b17-ae2d-dab8425b0f59,Iwan Leon,https://play-lh.googleusercontent.com/a-/ALV-UjXV7Sv5d5DG5F5eS8qzg5uAuLWit-_eDqwGpUKqfYj36mhBjqK9SA,"Sirekap bagi saya adalah produk gagal dari KPU. Aplikasi yg bukannya memudahkan tapi malah menyulitkan dan buang2 waktu saja. Data hasil bacanya juga sangat tidak sesuai dgn yg difoto, selain itu juga proses pengolahan datanya juga lama.",1,0,2.48,2024-02-15 06:33:22,,,2.48
e2886bd5-e318-4473-a887-3f48460ef616,Febry Intan,https://play-lh.googleusercontent.com/a/ACg8ocLVptXsiyX_y6Ef30fLhEjvnLrc8hhHgRJPhXytRWkfqb8Nhg=mo,"Kalo kunci data pasti ngeload lama banget. Tolong lah diperbaiki sistemnya biar lancar saat kunci data, jadi cepat dapet chasilnya",2,0,2.48,2024-02-17 15:10:14,,,2.48
13fc0a82-fa2e-4bbb-ba17-05d5dc4d3b57,Boy Gaming,https://play-lh.googleusercontent.com/a-/ALV-UjWtjdxrCzKIaIQrowcsRJa4Rr1H_Bnw-grHuNkinV-FbqzlVXgk,"Aplikasi paling tolol, percuma bayar IT mahal mahal buat aplikasi gini gak becus, liat itu banyak sekali total perhitungan yang salah dan gak sesuai sama hasil akhir C1, harusnya tiap TPS maksimal 300-350 DPT koq sampe terbaca puluhan ribu, harusnya ada warning klo melebihi jumlah yg ditentukan gak sampe kacau seperti sekarang, üò°ü§¨üñï",1,0,2.48,2024-02-16 14:59:09,,,2.48
11175d55-4a07-4ec3-910b-cacd1192a19d,Erry Susanto,https://play-lh.googleusercontent.com/a/ACg8ocLxonEUJN4B20688OvGJryIqbR06HTQHJlf4BvT8uS0UHnJlQ=mo,"Harusnya Di Bimbingan Teknis Sudah Dijelaskan Input Sirekapnya. Agar Lebih Mudah Penggunaanya,aplikasi Wajib ditingkatkan secara menyeluruh agar mudah prosesnya",1,1,2.48,2024-02-16 08:52:45,,,2.48
af7b492a-35c0-4145-b219-b6fbe107b831,Wahyu Saputra,https://play-lh.googleusercontent.com/a-/ALV-UjU9ERNCJsY3l9R-2QanYgQKMqV4BP6V9UvCFmMRtH-zV9wm25vJKA,"Waktu pemilu down, lalu disuruh upload manual ke gdrive, setelah pemilu disuruh diprint semuanya (64 lembar) lalu difoto untuk diinput datanya ke sirekap. Sirekap aplikasi pintar memang, pinter ngerjain orang",1,0,2.48,2024-02-15 22:23:27,,,2.48
49924fa8-1cd5-443e-9d60-6e0ba10a0cc5,ZATNIKA_KERS CHANNEL (chikoek),https://play-lh.googleusercontent.com/a-/ALV-UjVgRJXUjlUg2OXJKL5ZK00RLNzkDoM47MGBCLx3gjTyjF471iWo,"Harusnya sebelum di gunakan ya, di coba dulu ke akuratan dan kestabilannya..biar pas waktunya ke pake gak ada kendala...semoga kedepan lebih baik cepat, tepat akurat, mantaaap. Waktu pemumungutan suara sudh semakin dekat, tapi aplikasinya masih blom bisa di buka.",1,4,2.48,2024-02-16 13:53:23,,,2.48
80cd9c22-ea7c-4518-a9d0-8d102d69849d,Jam'ani Nor,https://play-lh.googleusercontent.com/a/ACg8ocLTWXi0q8KgkgHL6VcnCgw0fjntiMIZ1CGW1VRieCru_mNE6g=mo,"Aplikasi ampas banyak bug, Server down mulu, foto c hasil udah di upload berminggu minggu ga kedetek dan ga bisa di ubah angkanya, bahkan ada beberapa yang ga ke upload pdhal di aplikasi tulisanya udah berhasil upload, Dana aja gede 2,8 Miliar bikin aplikasi gini kemana tuh lari uanganya",1,0,2.48,2024-02-22 13:59:32,,,2.48
fef24bc3-45d0-4d9e-a453-db0d541bf28f,Yadi Supriyatna,https://play-lh.googleusercontent.com/a/ACg8ocIGYAuQHMRSJ4w8O5JZdWBwyu7mFk4MYFOZSoKSLVjpZdF47A=mo,"Saat mau kunci data dan buat dokumen lama baget dari tanggal 15 februari2024 sampe saat ini 19 februari 2024 "" sedang membuat dokumen, harap tunggu sampai selesai "" udah 5 hari gak selesai selesai,, tolong perbaiki.",3,1,2.48,2024-02-19 01:01:10,,,2.48
5dee8cd1-cbae-4e4b-8d62-e494fdc64ca1,Dany Setyawan,https://play-lh.googleusercontent.com/a-/ALV-UjWdlwtwmGc9HHWUlz3zAq8ol7T5v8jD6PfzJhfWjgR1FwtxFXMm1Q,Aplikasi membunuh. Aplikasi belum sempurna udah louncing saja. Petugas kpps jadi sasaran. 1 bulan full disuruh mantengin terus ni aplikasi. Di tuduh curang hingga mau dibunuh. Jadi ini salah siapa,1,1,2.48,2024-02-18 22:43:46,,,2.48
a807d9e9-851d-4b61-8c10-f20d9ebe3f84,Aditya Hermawan,https://play-lh.googleusercontent.com/a-/ALV-UjXvPYwERsv7t09p8Lqk7ZRSOAg-WHAYJmpCS2IZBCQGn8l0wvY,"Tolong utk kpu baiknya tidak dipakai skalian saja aplikasi ini,data tidak trbaca akurat, justru malah bisa jd indikasi kecurangan pemilu. Terimakasih.",1,0,2.48,2024-02-16 11:38:41,,,2.48
7a051b24-6637-4def-94cd-ddcbd3e7b043,mi karanganyar,https://play-lh.googleusercontent.com/a/ACg8ocJHXJIXsFU6TVN6RvKk__GqNoVLioLqNlLuZSrpLISbEWByXHE=mo,"Jujur Aplikasi SIREKAP ini masih sangat banyak yang perlu diperbaiki, alangkah baiknya diperbaiki dulu sebelum di rilis , karena belum layak untuk dirilis , saran saja LBH baik gandeng tim atau perusahaan yg sudah berpengalaman untuk memperbaiki nya, mudah""n pemilu berikutnya layak untuk digunakan !",1,0,2.48,2024-02-16 14:45:14,,,2.48
0c3b7ef8-7514-4487-a0d8-d36a843d3975,Mochamad Hipni,https://play-lh.googleusercontent.com/a-/ALV-UjUfdW7QD8CThy52NYLIFn4nOzOvzY5DGggNFMlJhNjPKnYh6-6d,"Harus diperbaiki terus, update poto hasil pemungutan suara tps yang sudah terkunci harusnya bisa dibuka tetapi harus izin dari pps /ppk & panwas, dan juga pps / ppk tidak bisa merubah terjaga hasil nya",2,0,2.48,2024-02-22 09:49:45,,,2.48
23e06cc1-1d80-4f39-b3ee-6c17106db1fc,anna purwanti,https://play-lh.googleusercontent.com/a-/ALV-UjXx_Ch9eyOfikjaIZg5GLt4EeORS01N5jMuPi2EA0hz9I9Vnmew,"Aplikasinya gimana sih ini. Udah berhasil upload, berhasil kunci data. Tapi kok di sistem pusat gak kebacaaaaaa ü§¶. Mana udah gak bisa upload lagi",1,0,2.48,2024-02-16 16:36:15,,,2.48
c5d93b3c-f884-45ea-9d69-d623e3fac9df,Cucu Chandra,https://play-lh.googleusercontent.com/a/ACg8ocImdx_Pknn3wx4WKsYsag2thxynMwon76ZD5gj5OSTVGS8vow=mo,"Ada beberapa pengguna aplikasi ini yang tidak bisa mengunci dan membuat dokumen,, coba perbaiki lagi,supaya bisa mengunci dan mengunggah data dengan lancar",1,0,2.48,2024-02-16 14:37:29,,,2.48
7a9d2089-7d10-4145-90a1-6c397087eb79,Yugo Hindrawanto,https://play-lh.googleusercontent.com/a-/ALV-UjXa-VgeTGbyEQe9nAfGJMazjofx0Eeuk1YG5umXa4tUVd6CNQuj,"Aplikasi sekelas nasional benar benar bikin susah. Pengguna si REKAP waktu upload saja susah 1x24 belom bisa, benar2 bikin emosi, kotak sudah dikirim semua sudah difoto masih muser2 terus, pas ketika bisa ada pemberitahuan foto kurang jelas, y ambyar masak harus buka kotak lagi ke kabupaten.ü´£ü´£ü´£",1,2,2.48,2024-02-15 12:57:16,,,2.48
91612353-4bd3-4355-967e-3a84420c756f,010 Rizkal Hakim,https://play-lh.googleusercontent.com/a-/ALV-UjXV1wkR6TLu35uVDccjWTo7k3wPAWgMnbIZeWu-Q2t6diRPKtdJnQ,"Masukan untuk KPU, lain kali klu mau buat aplikasi itu yang niat, harus nya aplikasi kaya gni harus udah ada Artificial Intelligence dan Big Data karena memuat semua data, sehingga mampu membaca foto yang sudah ke upload dan tidak perlu di edit kembali ketika verivikasi, justru itu yang membuat petugas kelelahan, udah capek sehari semalem, udah gtu harus fokus ngedit lg, klu gk siap dengan mengeluarkan dana banyak untuk membuat aplikasi yaaa gk usah pake aplikasi, mending manual sama link drive!",1,0,2.48,2024-02-20 16:29:04,,,2.48
0cd85eae-c00a-46fc-ad21-d7df447740f8,Hafiz Rizky,https://play-lh.googleusercontent.com/a/ACg8ocI4-Dh5sIImki_YDDqZ3Ewzu8_YUT0EsqvxSHCyVudivWvRfw=mo,"Masih banyak kekurangan misal 1 C hasil di foto ulang maka harus 4 chasil di foto ulang juga, kan Trus pemproses data lambat banget Lalu GK bisa edit datq saksi/pps/dll,, pas buka apk harus login lagi,, GK ada profil pengguna kayak nama dan nik, nomor, lalu status aktif",2,0,2.48,2024-02-15 07:54:15,,,2.48
5d6e2bd6-1997-4fed-8fb1-ed316da89936,Elis Maulidah,https://play-lh.googleusercontent.com/a-/ALV-UjWkulTdqOFac_42UZmiE7TvvnYtRI24l1vv-g_LEXOuUp-GqBE,Sampe sekarang aku masih di tagih file dari sirekap. Tapi sirekap nya yg gk bisa ngunci dan nyimpan dokumen saya üëé kasih bintang satu buat penilaian niat nya doang bikin ni aplikasi,1,0,2.48,2024-02-28 23:14:38,,,2.48
0c91166c-b204-48df-ba3a-e37ccc5c914a,Ariev Setiawan,https://play-lh.googleusercontent.com/a-/ALV-UjUcskuXDFIOfge5fAI7nQi1YfbSYxXbRDmvlBA97j_TCONIaFQV,"Kapan ada update lagi ya si rekap ini, aku menanti update yang baru, karena aku kangen banget menggunakan aplikasi ini lagi, kapan ya update lagi ya, kapan yaa, udah tak tunggu tunggu update lagi biar bisa digunakan lagi. Aku dah kangen banget pingin pakai srekap lagi, aduh pokoknya kangen banget. Aplikasi yang bikin susah orang tidur, aplikasi yang bikin betah berlama lama di depan hape, pokoknya kangen banget pakai aplikasi ini lagi, sirekap oh sirekap, aplikasi yang tak pernah bosan.",2,0,2.48,2024-02-18 12:47:13,,,2.48
8d5c34a7-0ae2-426a-916a-262e3a33e9fe,Miftakhul Jannah,https://play-lh.googleusercontent.com/a-/ALV-UjUAVmdUE3IlBliBwAOZFTnHp8_cJdlgLWRCcjlH-f9Rtr4JUxnY,"Untuk apk uang notabenya penting dan diwajibkan buat pemilu, dipakai sama banyak orang.. ini tergolong sangat¬≤ tidak kompeten... BUSUK, bukannya mempermudah malah mempersulittt",1,1,2.48,2024-02-15 15:13:57,,,2.48
7104d04e-d68a-49c3-8d88-febdec1fdb83,ilva humbe chanel,https://play-lh.googleusercontent.com/a-/ALV-UjXvoTmpgn0gOlYCgTGVFghRgOuBVcrEvpYs2lW9a-pBH87VBHij,"Jangan salahkan si rekapnya, salahkan yang buat aplikasi, kenapa pada ppwp ga bisa di edit, di kira kpps yang curang, aneh bin ajaibüòå, ga mau putaran ke dua, puteren dewe pakkk, sekian terimakasih",1,0,2.48,2024-02-22 07:34:31,,,2.48
277fc399-30a7-4741-b2ee-3f27495b0375,Tristan Alif Alfarizy,https://play-lh.googleusercontent.com/a/ACg8ocLvzHidzVFFDFpgszshmMjl3U0tTMmZGk-Mm-XraU_dQrunmQ=mo,"Menurut saya aplikasi ini GK layak untuk di terbitkan , karena gak berguna. LOADING TERUS , LEMOT , GK bisa di pergunakan saat saat penting. Pokoknya aplikasi ini perlu harus banyak banyak di perbaiki. üôÖüôÖüôÖüôÖü§¶ü§¶ü§¶ü§¶ü§¶",1,3,2.48,2024-02-15 04:33:03,,,2.48
80616725-f7d7-4837-859a-3a5338cbf17e,Bagus Wisnawa,https://play-lh.googleusercontent.com/a-/ALV-UjXbR5cdL-6VjPJpgp99ytq_nAHz0lcnUohyRssB8BMzcY0hIXaz,"Sudah berapa x ada pemilu, masalah sirekap selalu sama, selalu over load, lemot, susah login. Pemerintah harusnya sudah mengatisipasi masalah ini, ini aplikasi seperti baru di kembangkan, waktu hari H kelabakan. Kita petugas KPPS sudah capek, ditambah aplikasi yg masalah, bikin emosi",1,0,2.48,2024-02-17 00:06:46,,,2.48
a340428e-87a3-43d4-b344-fc930d607066,yudihandika28,https://play-lh.googleusercontent.com/a-/ALV-UjVV3mtQj3NNf2k4J_2iDG5nif0I5eMtmKlF6t8BQPq2Ae6b3RAN,"Aplikasi mempersulit kerja Belum layak dipakai, kamera tidak singkron dengan kamera utama Sara adakan foto manual yang bisa ambil dari galeri untuk mempermudah pekerjaan",2,0,2.48,2024-02-23 03:24:01,,,2.48
8d920acd-0361-4b00-afaf-d6ff35b4d9a1,Sekjen UPK Cilograng,https://play-lh.googleusercontent.com/a-/ALV-UjX1u-IQxQ3KlIQSRMPFVWZUgI4JIvA68kRcG3SQtSHXecyVHEA,"Aplikasi produk KPU ini, tidak layak untuk dijadikan alat bantu demokrasi di Indonesia, karena : 1. Sudah di setting untuk memenangkan salah satu paslon 2. Tidak bisa membaca angka digital dengan sempurna 3. Tidak bisa meng upload poto dari galeri HP Saya mohon kepada admin siRekap yg ada di KPU, buang aplikasi ini, ganti dengan yg lebih baik.",1,0,2.48,2024-02-16 19:21:02,,,2.48
43924b70-c7d4-41ac-a06e-06597cca2a7f,ferryn nilukito,https://play-lh.googleusercontent.com/a-/ALV-UjXklYmUvuCOflwOTUpiCqvL4NZH7uMw3tMCg-n1LT6JrDnvUeJD,Mempersulit. Aplikasi nya terburu2 bgt dibuat untuk digunakan nyatanya jdi down server nya. Mana kamera nya gk bisa di fokuskan jdi ngeblur trus,1,0,2.48,2024-02-16 06:46:00,,,2.48
fae93a85-d8e5-4f68-b58e-b23a4838d0f4,akbar Arsamulya,https://play-lh.googleusercontent.com/a-/ALV-UjUJUdGbaaEP07QG8s4eK295vzh-vgNTCZSBd-yx2TYi0uYJSaLh,"Buat apa sih app gini kl ngga bisa di gunakan untuk upload data (uji coba dan hari H), setiap upload data selalu loading lama 5 jam baru terupload mending pake manual aja kalau sudah selesai di hitung mending langsung di kirim kke PPK,jujur KPU kurang siap untuk mengeluarkan app ini,terakhir denger kabar app ini pernah di hack pas pemilu.",1,0,2.48,2024-02-17 04:51:17,,,2.48
df96b0e6-fb69-42bc-b4a6-58a0eb5dbe72,Hermanto,https://play-lh.googleusercontent.com/a-/ALV-UjW5Jhg-vGwnfg6iczaRfwoX5GoT6v1bpU9aG2LwjspvuwOE-tgO,"Aplikasi mantap, menambah lama kerja anggota, server selalu sibuk. Padahal udah tau tgl 14 dipake seluruh Indonesia tapi malah selalu server bermasalah. Mantapp.",1,0,2.48,2024-02-14 18:11:05,,,2.48
53d8f8a3-e26b-4f7d-82d1-9bbb41c817e7,Ahmad Sobirin,https://play-lh.googleusercontent.com/a-/ALV-UjVppwi5jfe_qrrHzvYyQYRI1Jf1KHxDtSgT7rtD5YgLu6jroN4,"untuk aplikasinya baguss semangat buat pengembang aplikasi ini, dan untuk kedepannya tolong di tingkatkan lagii fiturnya seperti bisa ngambil foto dari galeri supaya lebih cepet dan juga tolong pas Hari H ni aplikasii tolong servernya di banyakin lagi supaya tidak teejadi eror saat hari H tolong tingkatkan lagii semangat Dev:')",4,0,2.48,2024-02-21 09:09:36,,,2.48
7c42acac-bc87-45b4-b027-7777e16f8434,Soni Waruwu,https://play-lh.googleusercontent.com/a-/ALV-UjXPqLp7N0fe2VHjUxqOQrcQB3r-sqx5mIRrTpUGBWdJiOXHJ_g,"saya ingin semua aplikasi KPU jgn kebanyakan, satu aplikasi saja. namanya Ya KPU. jadi rekapan hasil real count, median KPU serta informasi lain bisa dalam satu aplikasi.. kalau bisa disempurnakan biar makin keren",4,0,2.48,2024-02-16 21:54:42,,,2.48
0c83fb33-41fd-47ff-b4cb-da87597d9fbd,mubarik bitai,https://play-lh.googleusercontent.com/a-/ALV-UjXDAsbzbyj3sVSnDL25i56S73vAOe5f4knv04Rer4zoDDFfA_M,"Aplikasinya tidak layak di gunakan dan banyak hasil yg di input oleh kpps tidak sesuai, harusnya ada batasan maksimal pengimputan suaranya sesuai Dpt yg di tetapkan",1,1,2.48,2024-02-18 00:41:50,,,2.48
c5494b15-321f-4ac5-87ea-729dc2a8fd5c,10 dy,https://play-lh.googleusercontent.com/a/ACg8ocJH1crpyfjB3MTWjodifvNA6tQDSWuarlx7xHummGPkQiBHIVQ=mo,"develover paling bodoh sedunia dan lembaga paling korupsi, masa sirekap 1 dan sirekap 2, datanya tidak singkron.... ngabisin anggaran aja, tidak ada perubahan sejak 5 tahun yang lalu, kami sebagai bangsa indonesia merasa dirugikan oleh develover Aplikasi ini, karena uang negara di habiskan untuk biaya aplikasi ini.",1,0,2.48,2024-02-16 05:20:07,,,2.48
c71ee694-b7d5-490e-804e-3c937f3ed69f,Fahrul Razi,https://play-lh.googleusercontent.com/a/ACg8ocLbhI7zGguDX36leXff1xprVizIl32zAapVyTCApV0y4Vj1mQ=mo,"Aplikasi gaje, nunggu verifikasi gambar bisa sampe 2 hari, pas ada kesalahan ya gimana c hasilnya udah di kecamatan.. buat aja pemilu jadi 3 hari kalau mau makai aplikasi gaje gini",1,0,2.48,2024-02-21 04:54:40,,,2.48
1ebad40c-eb8b-4b68-802e-b21c60f6a574,Uniang Nila,https://play-lh.googleusercontent.com/a/ACg8ocK2pfTI6N_hQ4DtoENIYnmDtGvT0kQnJxf55SmTiLwdBrMENw=mo,Aplikasi tingkat nasional hasilnya receh. Hasil suara bisa pesanan. Moso kalah sama anak yg baru belajar coding. Habisin uang negara bikin aplikasi receh. Bikin rusuh,1,0,2.48,2024-02-17 03:37:58,,,2.48
d6b91da1-c4ca-4d25-958c-a6152056e38c,Lancar Jaya,https://play-lh.googleusercontent.com/a-/ALV-UjXuFeLKrrnSAJIyPN2PZugPArJiVBD2-9lKvR4H3CEOpjERXxUN,"Aplikasi cacat ..... ""Harap tunggu beberapa saat ????"" Udh 3 hari upload foto ga ada perkembangan. Saya selesai perhitungn manual jam 21.00 wib tp gegara aplikasi ini.... nginep d tps sampe subuh Sampe saat ini pun fto belum terunggah... Mnding gausah pake aplikasi",1,0,2.48,2024-02-17 08:52:19,,,2.48
9aca1d47-5e63-4cf7-b9ee-08a91cbab74b,Filemon Sinyo,https://play-lh.googleusercontent.com/a/ACg8ocKNy_XPqhHyfEeyAR19TUVc06HKwx21spPu_37hBHMV8brhGg=mo,"Kualitas gambar kurang baik, pakai kamera biasa gambar jernih tapi pakai sirekap gambar buram. Tolong di tingkatkan kualitas gambarnya",3,0,2.48,2024-02-19 13:26:01,,,2.48
a78e8420-4626-403c-9f8c-e1aeafcd443d,Anton Susanto,https://play-lh.googleusercontent.com/a/ACg8ocIZ-GhQ5EXkIQKzFRC_mWsd_2_sjP0iWD96wxfmBDjEIntzMA=mo,"Bisa¬≤nya orang ini di percaya bikin aplikasi, cuma nambah beban petugas doang Saya dari pagi sampe sekarang data sudah di kunci cuma tinggal pdf, dari pagi sampe sekarang jam 24.00 masih muter, poloooongo dia.",1,0,2.48,2024-02-15 16:22:31,,,2.48
f2d280d4-6fcf-4406-b27b-0c3d25717bab,FadiLah 01,https://play-lh.googleusercontent.com/a-/ALV-UjU1S4I_ZEXR1CoVx3uQST4fo7jMZkrkDgnfRYmE6n975DcYNmQ,"Sudah berkali"" ulang ambil foto tetap gambar gagal dikenali. Terlalu ribet aplikasinya. Kenapa ga dibuat simpel aja Bapak ketua KPU RI yang terhormat. Contoh yg simpel bisa upload file pdf foto hasil dr C-pleno..",1,0,2.48,2024-02-18 00:13:04,,,2.48
6a32b8f9-0acf-45f5-a424-141b4cc2b5f2,Ita Cibey,https://play-lh.googleusercontent.com/a-/ALV-UjUykIQnk7Fn5wVpg6JIROPEArD1QMNTXSA0mDcmmpUkmXkaG4O8,"Sangat¬≤ trouble system. Server Belum siap, di hari H sangat down dan tdk bsa beroperasi. Sesi habis sebelum 1 menit sdh auto logout. So bd",1,0,2.48,2024-02-16 04:33:06,,,2.48
6c616c87-007d-4204-b411-ef2a1c11f0b5,Ze Natta,https://play-lh.googleusercontent.com/a/ACg8ocKJT3auIr67wkEeaokxFcRCSZAsItZ_5nG9BgFcb7fC_LOSxg=mo,"Ya kali aplikasi ga bisa dipake, anggota KPPS nya yang disalahin. Dari awal bimtek pun aplikasi udah bermasalah, sampe gini hari pun ini aplikasi tetep buruk.",1,0,2.48,2024-02-22 00:39:53,,,2.48
b0aad8ea-243f-47dd-b457-d0abf007de01,Agustinus Mering,https://play-lh.googleusercontent.com/a-/ALV-UjXM9Bpy5sEDSv6ezMW4My9gTY0dORHYMdNKOX_cYGKb02imY9I,"Sekedar saran, sekiranya bisa bukalah sayembara untuk developer handal indonesia untuk pengembangannya, dan para bug hunter untuk pengujian sistem keamanan dan gunakan rakyat indonesia yg ingin berkontribusi untuk indonesia sebagai tolak ukur pengguna aplikasi...",2,0,2.48,2024-02-21 16:22:05,,,2.48
0a0ca72f-e196-46e7-ad2f-4f0baf8b84f4,Ahmad Taufikurrohman,https://play-lh.googleusercontent.com/a-/ALV-UjUE4A-HklpIH8D3EIgTEGaI-HdubQeJXokZ3tX6kAgqYkI_V_V4,Aplikasi gagal belum layak untuk digunakan...lain kalai kalau aplikasinya belum siap jangan di gunakan perbaiki dulu servernya biar bisa diakses seluruh Indonesia,1,0,2.52,2024-02-29 01:40:33,,,2.52
37cfe18f-e7e5-4a37-b704-c9ad2e549b53,Andre Prasetyo,https://play-lh.googleusercontent.com/a-/ALV-UjVf4f79A0yHKb-p4KeD5Gt9gC0AfkuAsfZkLCPrdPILhn-r7jII,Setelah update clear cache data malah tidak bisa login muncul sertifikat error... üò¥. Kapok jadi IT apk eror truss bagian celup tinta ae enak gaji sama üòÇ,3,0,2.48,2024-02-17 01:14:55,,,2.48
ba4da138-b5ff-4da4-a3ac-a4fb49fead84,Kang Adhe,https://play-lh.googleusercontent.com/a-/ALV-UjVIbfZUNC1fXEq-E1r5E0cEjI6f0iqH7fEnV54x_m13WUHb_xx1,"Aplikasi nya bagus, tapi sudah lebih dari tiga hari dari pemilihan, aplikasi ini belum bisa di gunakan dengan baik, masih ada beberapa foto yg belum di verifikasi, jadi buat apa pake aplikasi kalo laporan dan hasil harus manual",2,0,2.48,2024-02-17 18:01:02,,,2.48
9d1bc56b-b3f4-428b-9012-fdeb7ef853ff,boy elfanza,https://play-lh.googleusercontent.com/a-/ALV-UjXSG6JLVB-6tXCExTnYMhQ_ezobuZ6MLguUOlEgWTWnSCqMsAg-,"aplikasi ga layak digunakan, jatuhnya mempersulit pekerjaan ya bukan mempermudah. sebaiknya gunakan cara yg lebih efisien daripada menggunakan aplikasi ga jelas begini.",1,0,2.52,2024-02-23 10:55:41,,,2.52
2fefbd7e-fe85-49eb-ae87-eb4be47914a0,REXSSA FITRIANA,https://play-lh.googleusercontent.com/a-/ALV-UjV7vqwe37Ij7rl39Uw5RbRreK7mi_Zl1RtlStShC_z2DhGSiyb9,"Harus foto tegak lurus tapi tak ada garis bantu pemotretan apk sekelas nasional pun tak mampu memberikan jawaban permasalahan sirekap yang di alami pengguna, sedangkan permintaan pembaharuan terus menerus tapi tak mampu mengevaluasi apa yang menjadi kekurangan apk sirekap.",1,0,2.48,2024-02-15 13:02:03,,,2.48
27d4951c-48cd-4e33-98ce-01b980eb2b5d,reza zanuar,https://play-lh.googleusercontent.com/a/ACg8ocLRAA9arFW9unqAtgZyHJ0Gg7qB88do8ggU_KGqIZQG-OVNpg=mo,"Aplikasi gagal, kamera gak bisa fokus gak bisa upload dari galeri, sekali foto butuh proses 5 - 10 menit untuk proses, tiap 30 menit force close",1,0,2.48,2024-02-19 06:16:28,,,2.48
faa37bc4-8c56-4ac0-aea8-306274138eda,Rudi Hartono Rozi (Achil),https://play-lh.googleusercontent.com/a-/ALV-UjXTUHZQBkZE2aYwDQ10jo6yFelOUNTKwtCrBnuzvo_OSJHhQJs,"lelet, proses verifikasi sangat lambat, pengambilan gambar tidak tersimpan dalam file manajer, gagal membaca nomor, tidak tersedia menu edit pada kolom waktu penghitungan.",1,1,2.48,2024-02-18 05:20:17,,,2.48
91d349a6-2853-4dd4-9e19-4d4fd02441ce,Ranz Mareta,https://play-lh.googleusercontent.com/a-/ALV-UjUHUqvzPSTBGpLoH_Fm9Rd1V6kds_vmzOSKPHtLE27USiMK-Y0,"Apk yang sangat mudah, Sangat mudah di uninstall & tdk usah digunakan selamanya. RIBET & LEMOT. BINTANG SETENGAH SAJA KALO ADA.",1,13,2.48,2024-02-22 04:09:28,,,2.48
694717c3-3b93-4fcb-9798-e638854aba33,Tr Susilo,https://play-lh.googleusercontent.com/a/ACg8ocJM0T3keJa0SmPNX10A3RfFj_FDsviOavIQYX8V2odlM2SJZg=mo,"Update versi 2.4 mantab,..ringan, tapi proses konversi pdfnya luamaaa...sudah 2 hari loading proses terusssss, belum berhasil membuat dokumen file pdf.",3,5,2.48,2024-02-18 14:00:07,,,2.48
d4806ae2-43aa-4b1f-a824-b14c0134736f,kamal ahtar,https://play-lh.googleusercontent.com/a-/ALV-UjVLsZ-ftX85FDwp9tDIaQBW5EecanjRddg9TfTz2YFshxzjtrzr,"""Saya sangat kecewa dengan APK Si Rekap. Setelah menggunakan aplikasi ini untuk merekap data selama beberapa waktu, saya menemukan bahwa hasilnya tidak konsisten dan rentan terhadap manipulasi. Apk sampah kurang dana seperti nyaa",1,1,2.48,2024-02-18 13:33:43,,,2.48
a1ffe951-f4a4-4d12-bafb-e6fcb3dcffbf,Riyan marke,https://play-lh.googleusercontent.com/a-/ALV-UjUUQxBtIVKywKITvsdzBxp8bilzMPLm1Wkw83dJ_Trh0KPAHQs,Sekelas nasional pakai aplikasi bobrok. Ngeliat aplikasi ini rasanya Malu. Begitu banyak pakar-pakar IT diindonesia tapi kok gk pernah dilibatkan? Inilah cerminan indonesia. Ataukah ada maksud tertentu? Sangat-sangat memalü§Æü§Æ,1,0,2.48,2024-02-16 14:02:08,,,2.48
5b27468c-cec1-42ea-b101-172ff84135b7,Isyana Saras,https://play-lh.googleusercontent.com/a/ACg8ocI9si5vjRgEeRH24P4Vq3lSWqjkRLxeV0UDMaUZFE9jlIdJEg=mo,"Jika sudah upload kemarin dan sudah terkirim, kemudian sistem mendeteksi angka. Lalu dihari ini sistem gagal mendeteksi angka, dan harus foto ulang(Plano sudah dikumpulkan), bagaimana solusinya?",3,0,2.48,2024-02-15 11:18:12,,,2.48
6e97d7fd-2f46-46e2-98e8-70144929af17,moch aimar,https://play-lh.googleusercontent.com/a-/ALV-UjXuH3JvSAD78iioHS6XIkEG1hGhnnxDXFwkkeyUMewpZB8idJga,"Aplikasi yang Tidak boleh ada di Indonesia ini, bapak/ibu/kak, kalau belum full service jangan dipake lah, kasian orang¬≤ nunggu hasil yang jujur, dan tidak di utak Atik oleh pusat.. Kita harus adil jangan Berat ke sebelah pihat dong",1,1,2.48,2024-02-18 16:03:43,,,2.48
0eccf57c-96df-42d6-9433-6b433771fe1b,Eko Soegiartoe,https://play-lh.googleusercontent.com/a-/ALV-UjX9kKjOTZy_iGlB9ChDqDyZlXlu3pLm4Nll6Q4bB8knIcT-81Qd,"aplikasi paling buruk... kalah sama aplikasi pijat online. pembuatnya tidak menguasai skrip android. tapi pakai webpage, programmer paling paraaaah. aplikasi web diimplementasikan ke android. buuuruk",1,0,2.48,2024-02-14 23:34:09,,,2.48
a112c50b-89e0-46b2-8ef3-8bb14455e80a,Indra Duta,https://play-lh.googleusercontent.com/a-/ALV-UjXVSgaO1H-zGzhhuB-nXX3gScqbL8dUNvM4uT29CVKFZeDB_tE,"Tiba2 suruh login.. masukin email dan password.. lah daftarnya aja blm, dan ga ada pilihan daftar.. kek mana cara masuknya..?",1,0,2.48,2024-02-17 04:24:02,,,2.48
2ab6d76e-2943-4892-a00a-5ccfec97cd7c,kamtib lapas tebo,https://play-lh.googleusercontent.com/a-/ALV-UjXei5FFutjdwhF-WHDNvQhL1YLlE9GfZ4Po3wTeF-hBgY1j6YSb,"Mohon jadi evaluasi bagi vendor aplikasi ini. Karena aplikasinya lemot, sering error, loading lama, salah membaca data. Memperlambat kinerja petugas kpps.",2,0,2.48,2024-02-18 03:01:32,,,2.48
c667b04d-be20-4329-95af-f5e3ed9ca17d,Retno Windari,https://play-lh.googleusercontent.com/a/ACg8ocI-2slsAkb5bAIlgJQQeBPXOM2WEWVlmHVt5wYkAJby-Gom_A=mo,Kalo belom siap buat bikin aplikasi tuh g usah dilaunchingin.aplikasi sekelas national kok g layak buat digunain upload gambar aj mental¬≤ terus mana dh diuber¬≤ buat kerjain. tapi giliran bisa hasil yg kebaca sama difoto beda aj pakai jauh.üò≠üò≠üò≠,1,0,2.48,2024-02-16 07:34:40,,,2.48
8d6bf942-f2d1-4ee8-831a-e47d519e5bc4,harri susanto,https://play-lh.googleusercontent.com/a/ACg8ocKVuaenfeiDbOB4s0srI1aV6IoFPtMn4tcKLlhdiYN72M8KQw=mo,"Kabarnya tidak ada tender terbuka. Tidak ada uji publik. IP address, server tidak berada di Indonesia. Banyak backdoor. Tidak user friendly. Banyak BUG. Dst.. Dst...",1,0,2.48,2024-02-21 12:24:37,,,2.48
fe5b86a5-c074-4a11-8a00-a5e220c14036,Eko Prasetiyo,https://play-lh.googleusercontent.com/a/ACg8ocK4FKH_Vd1N86Vt20bbfgCV4cGQzAJwo2PXJM0ROJIWpzXbZg=mo,"Sekelas instalasi nasional. Kebanyakan gaya, pakai aplikasi yg smart taunya gak smart. Bikin aplikasi biasa aja pak yg penting mudah di akses",1,1,2.48,2024-02-15 14:23:53,,,2.48
220f6b81-9700-4ad0-be4e-6412a38c0769,semprul gaming new,https://play-lh.googleusercontent.com/a/ACg8ocKsOEpl6IZrEDYef4Von8mDmX5OKVzvi0hu0_DMHU3zP6HWtg=mo,"setelah terinstal aplikasi kok gak bisa dibuka malah keluar tulisan "" terjadi kesalahan perangkat : silahkan mengaktifkan kunci layar untuk mengunakan aplikasi """,1,1,2.48,2024-02-18 20:13:04,,,2.48
dbc604cc-5eca-4943-98cf-09cbad5f122f,sinaga TV,https://play-lh.googleusercontent.com/a-/ALV-UjVEtZCgujdiwWpEJ_v65zIDA5KtlmVdjTCTpKNtF-q1Qk53hFw,Aplikasi nya lama memproses gambar klau kita foto secara online....harus nya bisa di perbaiki masalah ini secepat nya..,2,0,2.48,2024-02-16 03:03:50,,,2.48
d6818765-1d40-4ed7-9edc-b46f5e76ad29,Edi Supriadi,https://play-lh.googleusercontent.com/a-/ALV-UjXFkmhMCBhKnBKMeOBm4ftfQZIf0eWLdBOJiI3mdgEk17UUI2E,"cara buka aplikasinya gimana yaa?? udah download tapi ga bisa masuk, cuma ada menu masuk, tapi ga bisa masuk2, tidak ada menu daftar juga",1,0,2.48,2024-02-17 13:39:12,,,2.48
6833424f-2fed-45b7-b684-24739bb8e640,Budiono,https://play-lh.googleusercontent.com/a/ACg8ocJ2SWLOVpd3jFWAToI4E0nKN1PVtZvLt-KDramBm8tB1Hjncw=mo,Sbagus apapun kamera hp Hasil photo tetep buram..log out sendiri.. Buat fokus gambar pun tak ada.. Aplikasi cuma buat kisruh 1 negara Apa ini tujuan aplikasi ini di buat..,1,0,2.48,2024-02-16 12:42:10,,,2.48
3abd5196-e28a-440d-b947-cdfe9ebd49f0,Bendahara TarunaMu,https://play-lh.googleusercontent.com/a/ACg8ocLc4oTJgKLwsTm4QBop2IEj4oVbjOb3R7XHCLMlFuzXoCdgRg=mo,"Aplikasnya belum sempurna. Untuk sesi login dibatasi tapi tidak ada pilihan re-login tau menu logout guna login ulang. Sehingga untuk upload data online tidak bisa dilakukan, sedangkan untuk upload data secara offline kemungkinan data tidak akan terdeteksi. Harapannya untuk developer bisa segera benahi aplikasinya. Kesimpulannya, aplikasi ini bisa disebut aplikasi demo saja atau masih seri beta. Belum final. Terima kasih",1,2,2.41,2024-02-14 10:46:06,,,2.41
62edce64-586a-4548-84db-a6c556fefddb,Novalin Palijama,https://play-lh.googleusercontent.com/a-/ALV-UjWAVEMJEQzBlyRogmQX_mV6U4nDMj39cV8OV4b5cv_AY1iQ5-UK,"Aplikasi saya kenapa ya tidak bisa login. Padahal username dan sandi sudah betul. Tapi, tidak bisa login. Kendala saya, saya pernah login aplikasi sirekapnya di Hp teman saya.",3,0,2.52,2024-02-27 21:17:38,,,2.52
a70ab7b4-4de3-44ae-8558-9ae850c82a22,ARINA MAZIDA ILMA,https://play-lh.googleusercontent.com/a-/ALV-UjWLPUJh-WEa5nXzCoy1--FvbJj2b1eCDbSkMCLUVixAJL36j2eG,"Mohon ditambahkan beberapa menu mode kamera yg akan digunakan, beberapa kamera HP auto mode 0,5 tidak bisa dirubah ke mode normal/optimal ... sehingga banyak masalah gambar tidak terfoto dengan jelas... ketika uji coba upload foto yang ada log-out log-in sendiri.. alhasil beberapa kali ganti password.. dan bahkan banyak yang fotonya tidak terkirim dan itu sangat-sangat menghambat proses pengiriman foto siRekap.",1,221,2.32,2024-02-08 03:03:05,,,2.32
d85da3e0-d42a-4c08-849c-b8135980fbca,Kesit Dwi Sucahyo,https://play-lh.googleusercontent.com/a/ACg8ocJP4phP_usdpjjFGUuXkI-2gw1B6H3gCKiPSYdmFd7MVlyswg0=mo,"Aplikasi sangat tidak layak digunakan, tidak akan mempercepat tapi malah mempersulit mohon disempurnakan lagi, sangat banyak kekurangan: 1. Pada saat hp posisi online di aplikasi terdeteksi offline 2. Saat unggah foto aplikasi tidak benar "" Bisa membaca angka di c. Plano 3. Unggah foto pada menu DPR waktunya sangat lama Dll.....!!!!! Masih banyak kekurangan ! !!!!!!",1,921,2.41,2024-02-12 01:37:50,,,2.41
39f81bd2-1e73-48e2-927b-2c3fa9e643b5,Rudi Aloe Saloy,https://play-lh.googleusercontent.com/a-/ALV-UjW--vBCAsAC7Pz7sO92OSlhLsiHAA46dihuRLUFHB1jnvgPOHXtig,"Pemungutan suara selesai 16 jam, tapi Sirekap 3 hari tidak selesai. Lebih baik Pemilu tanpa sirekap. Sirekap tidak bisa meminimalisir kesalahan menginput data.",1,0,2.48,2024-02-16 17:39:55,,,2.48
d789094f-b620-46e6-8aac-eccf48213752,Dummy Lgr,https://play-lh.googleusercontent.com/a/ACg8ocJGSK08SPZU4W3GGAqYVtDdHx9Kh3n-BVcmAF7L_qZ8wqj4ww=mo,"Kualitas gambar untuk foto simulasi burem ga jelas, dlm aplikasi ga ada fitur buat fokusin camera, jadi banyak bgt kesalahan baca data dan ada beberapa bug juga untuk kunci data & buat dokumen pdf loadingnya lama banget, bahkan ada yang ga bisa sampai berhari2 mungkin itu bug tolong diperbaiki, pemilu tinggal berapa hari lagi.. ini aplikasi bisa dibilang belum berfungsi secara optimal!",1,2912,2.32,2024-02-07 11:41:07,,,2.32
55ee3bc5-c3e0-4bae-8476-e35052247abf,ARIF SIDIK PRASETIYO,https://play-lh.googleusercontent.com/a/ACg8ocLRhxTj_515rQC8dGC2T_o3jZT67rC8BcgFaxO88guyCnsdS9M=mo,"Aplikasinya terlalu banyak manual, bukan mempermudah tpi memperlama, penjumlahan masih manual tidak otomatis, jika terjadi ketidak sesuaian suara hanya diberi tanda saja dan tidak bisa mengubah angka yang sebenarnya.ketika kirim foto mental, ketika foto C hasil meskipun buram tapi tetap lolos verifikasi, tidak bisa hapus foto dan edit jumlah suara sebelum mengunci dokumen. Ketika login sulit. Ketika mau kirim pdf ke saksi/pengawas mental lagi, Kalau belum siap jangan dipaksakan",1,3876,2.32,2024-02-06 15:34:55,,,2.32
eb573c39-6b79-4a12-93bf-584a5066b3f5,Marzuki Jasin,https://play-lh.googleusercontent.com/a/ACg8ocK-1AHP_Yz6T8sYp2NZeK0wJeWqmmicCdiQrlYrRAzbF3Z1RA=mo,"Segera perbaiki menu detail pemilihan, sebab gagal lakukan koreksi hasil pengambilan foto form C, periksa form C Hasil, dalam jendela periksa kesesuaian data, hanya bisa kasih x (cross) tidak sesuai, tp jumlah yg perlu dikoreksi tidak muncul editable box nya. Terima kasih.",1,161,2.41,2024-02-10 11:44:25,,,2.41
55ab967a-0df3-4b01-98b6-8030132085ab,ronaa ulii,https://play-lh.googleusercontent.com/a/ACg8ocKOdyKBNrs_73QoN5MJveYRlboAqHK-GfvT_HAyXU_J778dbA=mo,Untuk aplikasi sekelas nasional ini benar benar jelek. Unggah gambar susah dibuat mode pesawat bisa tapi harus masukkan angka secara manual. Belum lagi untuk membuat dokumen pdf nya lama mulai sore sampai pagi tetap tidak bisa dibuat. Untuk tim pembuat aplikasi kalau ada komen komen gini tolong dibaca dan diperbaiki karena yang memakai aplikasi ini kan kpps untuk kelancaran pemilu juga. Besok yang buat lama bukan penghitungan suara tapi sirekap bermasalah. Bukan mempermudah jadi mempersulit,1,1393,2.41,2024-02-11 01:50:10,,,2.41
df8da691-f8c3-4243-a61b-8cc273a2d3c0,dns yt,https://play-lh.googleusercontent.com/a-/ALV-UjW8fPzJYbd296T0yFAbTwwkWdEaeVLFgAbiYRdODwz3OT60fMc,"Bukannya mempermudah, malah mempersulit. Login error, susah, lama. Kualitas upolad gambar jelek, tulisan bagus malah tidak terbaca, verifikasi gambar juga lama, membuat berkas ke pdf juga lama. Tolong segera diperbaiki jika memang berniat mempermudah !!",1,42,2.32,2024-02-09 02:27:39,,,2.32
523ce293-f1e9-498b-91e5-6594b0036f81,Septia Widio Warman,https://play-lh.googleusercontent.com/a-/ALV-UjXF836iLuWVnIFH_HRhOYwZwWg6vBhiSaejyZ9yNXZWoYr01CVvcg,"Aplikasi belum layak untuk dioperasikan 1.bisa dilihat dari komenan kawan2,pas unggah selalu logout sendiri. 2.kualitas gambar,bukan kesalah spek android,camera saat poto biasa jernih dan fokus,diaplikasi ini hasil poto buram dan tidak dapat difokuskan secara manual,mungkin mengingat kualitas gambar HD memakan penyimpanan besar mungkin,tapi ini kualitasnya buram,terlalu kecil,tolong perbaiki secepatnya,!!!",1,3273,2.30,2024-02-04 17:55:12,,,2.30
0b150f52-e90f-4353-a918-73567ae44347,Abiel Thea,https://play-lh.googleusercontent.com/a-/ALV-UjUYD0Nx60NddEVTuLISgXsP1ye1LXldj27FDgbXXwd8qCl4s3E,"Mohon dibenahi kembali, tulisan X kadang sering terbaca jadi 8, Hati-hati buat kawan si rekap walau tulisan sudah hijau itu belum tentu data sama dengan yg sudah difoto. Semoga secepatnya si rekap ini berfungsi dengan semestinya pada hari H nanti dan mempermudah merekap data selayaknya.",2,278,2.32,2024-02-07 19:29:18,,,2.32
e4df8396-aad2-4ebe-949b-8e8f7fd5910e,Eka Aulia,https://play-lh.googleusercontent.com/a/ACg8ocKlk4J-aBuFsqUxTDvSziZ-qDrjSICgJAy6x2EofxHiLtwUZA=mo,Berdasarkan hasil pengalaman simulasi banyak sekali kendala dari sistem nya awalnya pengiriman foto kadang berhasil terkirim tapi proses nya ngak bisa padahal kualitas fotonya menurut kita liat sudah sangat memadai . Foto DPR yg saya tes satu yg terverifikasi ngak bisa kita coba lanjut untuk mengunci dan pdfkan karena tidak selesai semuanya ... Sudah berulang kali di coba tetap ngak bisa di proses,1,849,2.32,2024-02-07 08:24:07,,,2.32
3469ff83-4631-4e79-9404-a477391e794c,Panji Syuhadak,https://play-lh.googleusercontent.com/a/ACg8ocJsAq5OB6s-PrEbitZZ9-zgBtDJEkIGt_1E20ksi1P-NNBWxA=mo,"Aplikasi di bwt untuk formalitas aja, mangkanya tiap kali di perbarui aplikasinya, gak ada peningkatan kualitas baik aplikasinya yg kurang stabil maupun server yg di gunakan. Sehingga pas waktu pencatatan hasil pemilu melalui aplikasi seringkali terjadi error.",1,205,2.32,2024-02-08 03:17:23,,,2.32
f11fc848-7136-4c43-90c2-941d614ac8d3,Ardi Kurniawan,https://play-lh.googleusercontent.com/a-/ALV-UjVvXFX7Wn7gLD49EJh_HNDL8_A6CzJPbfgzZ5qYHFebxCll5wPZ,"Sedikit saran ttg aplikasi ini, aplikasi ini agar bisa mengakses kamera utama supaya gambar yg di ambil lebih tajam hasilnya, karna selama uji coba kemarin gambar yg di ambil rata"" blur walaupun pencahayaannya cukup, padahal banyak teman"" sirekap punya device yg lumayan bagus dr segi kamera. Hasil gambar itu jg sangat mempengaruhi saat upload gambar yg sering gagal/tidak terbaca oleh sistem, Mohon untuk diperbaiki atau ditingkatkan. Terima kasih.",2,173,2.41,2024-02-11 21:12:06,,,2.41
6705144e-425c-4a39-95e8-5ea7d8a6a7c2,Laras Shantika,https://play-lh.googleusercontent.com/a-/ALV-UjWA2EpKQP16zKaQImudHXUYX2lOw32UAEZ7_uQnVkEx7zyuny0,"Sering sekali app log out sendiri, hasil gambar jika memang kurang jelas mohon ada peringatannya jadi bisa difoto ulang mengingat fotonya jg tdk bisa diambil dari galeri. Tulisan yg tdk terbaca mohon diberi peringatan jg, karena jika meng klik detail sering terjadi problem shg membuat sulit petugas :(( mohon diperbaiki lagiüôè",1,106,2.41,2024-02-10 23:43:32,,,2.41
1fe5ed22-2d2d-4cce-95ed-942e667cd7d3,Fatima zaura,https://play-lh.googleusercontent.com/a-/ALV-UjWbU-tR0kavQ9962IacG6XKluN9NYCZR2zv7c4RwNt6ZOiYEhs,"Mempersulit, sepertinya apk nya belom layak digunakan. Angka yg terfoto dengan yg terbaca tidak sesuai,kadang juga tidak terbaca. Bisa di edit jatuhnya nyalin hasil. Mohon di tingkatkan terimakasih.",1,598,2.41,2024-02-13 11:36:56,,,2.41
e400af99-fdf9-43ca-861a-02b3700e20e7,DQ_ Photography,https://play-lh.googleusercontent.com/a-/ALV-UjXCcZxQGiU7GAjaigmLUjJXkP_H1NXnYo3997OOao6eCYSK-vYM,Setelah update ke 2.32 tidak bisa login. Loading nya lama. Padahal pakai ram 8gb. Internal juga masih banyak penyimpanannya. Mohon tingkatkan lagi untuk kualitas fotonya. Sangat beda jauh hasil dr kamera langsung sama dr aplikasi si rekap. Sehingga sangat susah untuk membaca batas / garis / april textnya walaupun pencahayaan sudah cukup bagus.,1,4098,2.32,2024-02-07 09:05:25,,,2.32
28966487-5332-4cdf-8d0f-68eb80d28122,muhammad ardiansyah putra,https://play-lh.googleusercontent.com/a/ACg8ocL2YQ3NtCiU4Egv3fMZvsm3mpx_ppRMAqwdkH5Ybf7PQKXX_g=mo,"Developernya lebih baik mundur saja, tidak profesional dalam mengembangkan aplikasi untuk acara penting seperti ini. Tujuan digitalisasi adalah memudahkan dan mengefisiensi waktu, tapi tidak dengan apk ini, mempersulit, menghabiskan banyak waktu, dan menambah pekerjaan bagian IT KPPS. Foto tida ada stabiliter/auto fokus, selalu gagal dalam verifikasi foto meskipun difoto dalam posisi sempurna, sering log out ketika kirim foto, nunggu upload foto terlalu lama dan ujung ujungnya disuruh ngulangi.",1,189,2.41,2024-02-11 09:20:43,,,2.41
e9c0d694-9c25-4ff4-84b8-6249afd15943,Anas M. Luthfi,https://play-lh.googleusercontent.com/a-/ALV-UjWQ1MjiyQdNWH99-6grPY0RP6jBR7pN4fvr1DpAidhf1QrvYJtd,"Sampai saat ini versi 2.41, mohon untuk fitur kamera lebih ditingkatkan.. Karena aplikasi tidak sinkron ke lensa utama handphone tetapi malah sinkron ke lensa ultra wide, yg menyebabkan hasil foto kurang maksimal bahkan kurang jelas untuk membaca teks maupun angka",2,955,2.41,2024-02-10 23:25:28,,,2.41
b84a089c-c2ce-42d9-b74a-4476cf24fd06,Iqbal Maulana,https://play-lh.googleusercontent.com/a-/ALV-UjU_r1ZwBQ7wgtexQigoqYtMpQ58Zu4dk6jy7cgle3ZPZCkyU8p1,"tujuan dibuatnya aplikasi adalah untuk mempermudah bukan untuk mempersulit & menguji kesabaran, mau login aja susah saat inisialisasi, aplikasi diperbaharui malah akun jadi invalid username/password, saat upload gambar hasilnya kurang jernih & fokusnya ga merata. Setidaknya kalau hasil foto dari aplikasinya kurang bagus tolong dikasih opsi buat upload foto dari gallery. Baru simulasi aja susah apalagi pas hari H",1,202,2.32,2024-02-07 04:13:20,,,2.32
3ffcbc49-9040-4082-bf7f-0cb41d17d4d0,ahmad shofie muntaha,https://play-lh.googleusercontent.com/a-/ALV-UjWY6SG_9rlmcwTtyF6bG-M-bkTAi4_5g6v0DxlXRZw2MIIlmTVn,"Tolong untuk disempurnakan lagi fiturnya, tidak ada autofokus pada saat scan membuat gambar susah terdeteksi dan gagal berkali-kali pada saat hendak mengirim ke server. Pemrosesan gambar juga sangat lambat, dan aplikasi hanya sekali input, membuat kalau ada kesalahan tidak dapat dikoreksi",2,75,2.41,2024-02-11 12:18:41,,,2.41
f3d8d94a-3ce8-409d-8274-77a2f1a24a88,rio oioi,https://play-lh.googleusercontent.com/a-/ALV-UjUgwAEdGkGzq2q0AG6n-JOaPuitxZqhjCWzGxYSLvYX7tQUCkvy,"Untuk developer tolong yang maksimal dalam pengembangan, aplikasi belum mateng seperti ini jangan berani rilis! Pemilu tinggal besok,udah di pakai buat bimtek malah problemnya macem2 dari yang invalid username dan password, masih ada yg blm bisa login, kasian bos yang pegang aplikasi nya sabarnya sampai habis! Jaringan bagus di bilangnya aplikasi tidak ada jaringan/offline ga bisa buat upload. Daripada kacau saran saya di siapkan dulu secara matang 2-3 tahun di trial and error baru di lepas",1,252,2.32,2024-02-06 17:34:39,,,2.32
87bdd0da-5609-43cb-a9df-f1f77b97f7a5,Cici Aminah,https://play-lh.googleusercontent.com/a/ACg8ocLc-zhCkoxVs541UlSzDAQ_hI5XjLEDbqLSEPxlu_zn50DFKQ=mo,"Sangat sangat menguji kesabaran device realme c25s ternyata gak bisa akses gais kebetulan saya mengalami setelah saya coba ke device samsung ternyata bisa,,,, padahal spesifikasi device sudah sesuai tapi tidak menjamin ternyata,,, saran untuk kedepannya jika memang aplikasi digunakan untuk mempermudah proses pemilu sebaiknya dipersiapkan sebaik mungkin jangan seperti ini banyangkan sudah h-8 hari tapi aplikasi masih banyak kendala..... Alhamdulillah guis setelah diupdate udah gampang loginnya",1,170,2.41,2024-02-11 08:29:17,,,2.41
8897596f-0907-4141-ad53-1a9b2681a06d,Heri Cahyono,https://play-lh.googleusercontent.com/a-/ALV-UjUGeLZWCdt2l3fBZpHZs0EHxKPHrPfw4sOUXoJXKFjFQx9BgzY,"Username dan pasword salah terus padahal dari awal saya masuk aja gabisa, apalagi ganti pasword, ini maksutnya gimana..?? username sama pasword sesuai yg di kirimkan sama aktivasi KPU.. Persiapan dari pembuatan aplikasi/sistem kayaknya kurang.. Kalau jaringan/penyimpanan pengaruh, saya memakai device ram 8/256, dan menggunakan wifi yg hanya saya saja yg pake.. Karena sengaja untuk masuk di aplikasi ini aja..",1,1203,2.32,2024-02-05 06:17:20,,,2.32
